{"type":"FeatureCollection","features":[{"type":"Feature","id":1,"geometry":{"type":"MultiPolygon","coordinates":[[[[108.41923300000008,21.914656000000036],[108.43009900000004,21.917211000000066],[108.43627400000008,21.916330000000073],[108.44442400000008,21.913401000000079],[108.45032900000007,21.91068000000007],[108.45726400000007,21.906825000000026],[108.46153300000009,21.903113000000076],[108.46492400000005,21.897848000000067],[108.46780900000005,21.889708000000041],[108.46917600000006,21.887748000000045],[108.46929400000005,21.884278000000052],[108.46718500000009,21.880334000000062],[108.46786000000009,21.876137000000028],[108.46436700000004,21.871311000000048],[108.46278100000006,21.866277000000025],[108.46271400000006,21.861142000000029],[108.46478900000005,21.855876000000023],[108.46716800000007,21.851744000000053],[108.47714000000008,21.841331000000025],[108.48466500000006,21.833915000000047],[108.49769100000009,21.822300000000041],[108.50494600000007,21.817749000000049],[108.50769600000007,21.816613000000075],[108.51189800000009,21.812315000000069],[108.51397300000008,21.80812700000007],[108.51383800000008,21.796686000000022],[108.51540700000004,21.790050000000065],[108.51694200000009,21.779622000000074],[108.52102600000006,21.77544400000005],[108.52809500000006,21.771960000000036],[108.52888800000005,21.76848700000005],[108.52588500000007,21.767694000000063],[108.52158200000008,21.769689000000028],[108.51964200000003,21.766260000000045],[108.51299400000005,21.763460000000066],[108.50779700000004,21.760604000000058],[108.50572200000005,21.754651000000024],[108.50752700000004,21.743261000000075],[108.50788200000005,21.734704000000022],[108.50621100000006,21.730954000000054],[108.50695400000006,21.725727000000063],[108.51672300000007,21.716684000000043],[108.51932200000005,21.715515000000039],[108.52458600000006,21.714732000000026],[108.52767300000005,21.716077000000041],[108.53327500000006,21.725043000000028],[108.54022700000007,21.729465000000062],[108.54459700000007,21.72926700000005],[108.55335400000007,21.722242000000051],[108.56271800000007,21.717445000000055],[108.56548500000008,21.717544000000032],[108.56850500000007,21.715107000000046],[108.57591300000007,21.713541000000077],[108.58168300000006,21.710860000000025],[108.58522600000003,21.707982000000072],[108.58797700000008,21.703195000000051],[108.59496200000007,21.698618000000067],[108.59681800000004,21.695320000000038],[108.59703700000006,21.691448000000037],[108.59239700000006,21.682038000000034],[108.59168900000009,21.677218000000039],[108.59990600000003,21.680505000000039],[108.61043400000005,21.68164100000007],[108.62011900000005,21.681123000000071],[108.62658100000004,21.680009000000041],[108.63149100000004,21.677670000000035],[108.63803800000005,21.67131500000005],[108.64613700000007,21.660537000000033],[108.65923000000004,21.643975000000069],[108.66422400000005,21.63953900000007],[108.66943800000007,21.638005000000078],[108.67289700000003,21.63857900000005],[108.67502300000007,21.641084000000035],[108.67598500000008,21.644747000000052],[108.67502300000007,21.651677000000063],[108.67598500000008,21.656101000000035],[108.67809400000004,21.659191000000078],[108.68232900000004,21.660724000000073],[108.68583800000005,21.660779000000048],[108.68924600000008,21.659135000000049],[108.69370100000003,21.652063000000055],[108.69812100000007,21.637619000000029],[108.70169900000008,21.630137000000047],[108.70402700000005,21.626683000000071],[108.70502200000004,21.622004000000061],[108.70367300000004,21.617568000000063],[108.69442600000008,21.607955000000061],[108.68985400000008,21.604621000000066],[108.68135000000007,21.600802000000044],[108.67458400000004,21.596365000000048],[108.67284600000005,21.592910000000074],[108.67433100000005,21.589588000000049],[108.67617000000007,21.58860500000003],[108.68172100000004,21.588727000000063],[108.69442600000008,21.59266800000006],[108.69800300000009,21.594765000000052],[108.70490400000006,21.60166300000003],[108.70846400000005,21.607094000000075],[108.71143400000005,21.614488000000051],[108.71217600000006,21.619046000000026],[108.71167000000008,21.623726000000033],[108.70674300000007,21.633956000000069],[108.70514100000008,21.642463000000077],[108.70551200000006,21.644803000000024],[108.70797500000003,21.64677800000004],[108.71010100000007,21.646723000000065],[108.71600700000005,21.64436100000006],[108.72673800000007,21.638910000000067],[108.73589900000007,21.629232000000059],[108.73389200000008,21.626396000000057],[108.73547800000006,21.622622000000035],[108.73428000000007,21.621154000000047],[108.73509000000007,21.614555000000053],[108.73784000000006,21.612745000000075],[108.74040400000007,21.609180000000038],[108.74318800000009,21.606752000000029],[108.74598900000007,21.602425000000039],[108.74509500000005,21.599191000000076],[108.74762600000008,21.59643200000005],[108.74892500000004,21.599202000000048],[108.75378500000005,21.601310000000069],[108.75240100000008,21.602204000000029],[108.75277200000005,21.60677400000003],[108.75823900000006,21.609533000000056],[108.77197300000006,21.609776000000068],[108.77430200000003,21.610339000000067],[108.78024100000005,21.61896900000005],[108.78903200000008,21.622677000000067],[108.79178200000007,21.624609000000078],[108.79576400000008,21.625845000000027],[108.80199000000005,21.626418000000058],[108.81329500000004,21.625668000000076],[108.81628100000006,21.624862000000064],[108.83327200000008,21.610681000000056],[108.83745600000009,21.610604000000023],[108.84317600000008,21.614411000000075],[108.85083600000007,21.614952000000073],[108.85338400000006,21.617546000000061],[108.85839500000009,21.619962000000044],[108.86803000000003,21.620779000000027],[108.88144300000005,21.627235000000042],[108.86954800000007,21.644659000000047],[108.85832800000009,21.660548000000063],[108.85427800000008,21.670808000000022],[108.85318200000006,21.677813000000071],[108.85029600000007,21.686903000000029],[108.85071800000009,21.703735000000052],[108.85222000000005,21.714577000000077],[108.85470000000004,21.724514000000056],[108.85991400000006,21.737295000000074],[108.86676400000005,21.742963000000032],[108.87292300000007,21.74437400000005],[108.87943600000006,21.744363000000078],[108.88689300000004,21.740338000000065],[108.89256200000005,21.740096000000051],[108.89860300000004,21.742698000000075],[108.90369800000008,21.747903000000065],[108.90749500000004,21.750979000000029],[108.91012700000005,21.752137000000062],[108.91417600000005,21.752291000000071],[108.91853000000003,21.751442000000054],[108.92347300000006,21.75299700000005],[108.92512700000009,21.754695000000027],[108.93077900000009,21.75833300000005],[108.93624600000004,21.758929000000023],[108.93864200000007,21.76333900000003],[108.94206700000007,21.761178000000029],[108.94559300000009,21.760538000000054],[108.94454700000006,21.765621000000067],[108.94650400000006,21.766139000000067],[108.94704400000006,21.771949000000063],[108.94792200000006,21.773669000000041],[108.95251100000007,21.77558700000003],[108.95112800000004,21.780316000000028],[108.95629100000008,21.782709000000068],[108.95291600000007,21.784693000000061],[108.95257900000007,21.787184000000025],[108.95499100000006,21.789290000000051],[108.95487300000008,21.79084400000005],[108.95716800000008,21.791164000000038],[108.95595300000008,21.79278400000004],[108.95797800000008,21.794603000000052],[108.95863600000007,21.791682000000037],[108.95985100000007,21.791891000000078],[108.96199400000006,21.797502000000065],[108.96729200000004,21.797689000000048],[108.96720700000009,21.800334000000078],[108.96536800000007,21.800720000000069],[108.96337700000004,21.803101000000026],[108.96822000000009,21.80706900000007],[108.96671800000007,21.809571000000062],[108.96771300000006,21.811753000000067],[108.96304000000003,21.812602000000027],[108.95730300000008,21.810144000000037],[108.95613900000006,21.811896000000047],[108.95699900000005,21.816801000000055],[108.95580100000006,21.820779000000073],[108.95613900000006,21.824074000000053],[108.96135200000003,21.823689000000059],[108.96779800000007,21.828538000000037],[108.97220200000004,21.828251000000023],[108.97043000000008,21.831458000000055],[108.97520500000007,21.831976000000054],[108.97584600000005,21.828505000000064],[108.97348400000004,21.825937000000067],[108.96803400000005,21.823689000000059],[108.96773000000007,21.821914000000049],[108.97225200000008,21.813891000000069],[108.97480000000007,21.815225000000055],[108.97380500000008,21.819115000000068],[108.97697700000003,21.820294000000047],[108.97716200000008,21.824041000000022],[108.97967600000004,21.826741000000027],[108.97876500000007,21.830014000000062],[108.98019900000008,21.831182000000069],[108.98370900000003,21.829563000000064],[108.98445100000004,21.83326500000004],[108.98698200000007,21.834852000000069],[108.98789300000004,21.831943000000024],[108.99224600000008,21.833497000000023],[108.99508100000008,21.836086000000023],[108.99649800000009,21.834400000000073],[108.99882700000006,21.837949000000037],[109.00918700000005,21.838588000000072],[109.01286500000003,21.837464000000068],[109.01596900000004,21.835381000000041],[109.02214500000008,21.836351000000036],[109.03029400000008,21.839789000000053],[109.03596400000004,21.843183000000067],[109.04585100000008,21.842929000000026],[109.05452400000007,21.838632000000075],[109.06120500000009,21.837067000000047],[109.06785300000007,21.839403000000061],[109.07703200000009,21.847017000000051],[109.08459100000005,21.851876000000061],[109.08897800000005,21.864051000000075],[109.09461300000004,21.871642000000065],[109.10421400000007,21.874429000000077],[109.11384800000008,21.871256000000074],[109.11978700000009,21.866233000000022],[109.12349900000004,21.862112000000025],[109.12846000000008,21.854102000000069],[109.13316700000007,21.847689000000059],[109.14153600000009,21.844957000000022],[109.15063000000004,21.846345000000042],[109.15407200000004,21.850708000000054],[109.15306000000004,21.856449000000055],[109.15326300000004,21.869064000000037],[109.15199700000005,21.880070000000046],[109.14973600000008,21.889697000000069],[109.14700300000004,21.89978700000006],[109.14352700000006,21.90642900000006],[109.13834700000007,21.911462000000029],[109.13266100000004,21.914887000000078],[109.12380300000007,21.919436000000076],[109.12182900000005,21.921121000000028],[109.11820100000006,21.920163000000059],[109.11610900000005,21.92386300000004],[109.11437100000006,21.92386300000004],[109.11403400000006,21.928180000000054],[109.11295400000006,21.929303000000061],[109.11030500000004,21.925107000000025],[109.11158700000004,21.920636000000059],[109.10839800000008,21.92218900000006],[109.10689600000006,21.921451000000047],[109.10593500000004,21.916914000000077],[109.10274600000008,21.918665000000033],[109.10154800000004,21.924425000000042],[109.09957400000008,21.926781000000062],[109.09776800000009,21.926396000000068],[109.09776800000009,21.930228000000056],[109.10144600000007,21.931748000000027],[109.10223900000005,21.936924000000033],[109.10193600000008,21.940205000000049],[109.09889900000007,21.946548000000064],[109.09788600000007,21.95098500000006],[109.09511900000007,21.950996000000032],[109.09253800000005,21.952394000000027],[109.08934900000008,21.955719000000045],[109.08357800000005,21.958846000000051],[109.07799300000005,21.963272000000075],[109.07612100000006,21.966311000000076],[109.07348800000005,21.974249000000043],[109.07132900000005,21.977056000000061],[109.07026600000006,21.981448000000057],[109.06707700000004,21.986952000000031],[109.06741400000004,21.993172000000072],[109.07232400000004,21.997266000000025],[109.07176700000008,21.99869700000005],[109.06871300000006,21.999688000000049],[109.06508600000006,21.999611000000073],[109.06454600000006,22.00151500000004],[109.06592900000004,22.006633000000022],[109.06388800000008,22.008955000000071],[109.06123900000006,22.007690000000025],[109.06118800000007,22.011949000000072],[109.06252100000006,22.015636000000029],[109.05901200000005,22.015185000000031],[109.05632900000006,22.010210000000029],[109.05109800000008,22.010694000000058],[109.04794300000009,22.009131000000025],[109.04878700000006,22.004685000000052],[109.04441700000007,22.004465000000039],[109.04583400000007,22.006556000000046],[109.04515900000007,22.012675000000058],[109.04286400000007,22.017507000000023],[109.04122800000005,22.017562000000055],[109.04014800000004,22.014843000000042],[109.04085700000007,22.009462000000042],[109.03967600000004,22.006512000000043],[109.03744800000004,22.008812000000034],[109.03913600000004,22.003397000000064],[109.03702700000008,22.003012000000069],[109.03532200000006,22.005433000000039],[109.03296000000006,22.012389000000042],[109.02843800000005,22.013699000000031],[109.02411900000004,22.01931200000007],[109.02368000000007,22.023483000000056],[109.02555300000006,22.025882000000024],[109.02452400000004,22.027896000000055],[109.01664400000004,22.031549000000041],[109.01392800000008,22.029733000000078],[109.01046900000006,22.032474000000036],[109.00778600000007,22.033541000000071],[109.00375400000007,22.033640000000048],[109.00172900000007,22.03968100000003],[109.00476600000007,22.041266000000064],[109.00356800000009,22.044424000000049],[109.00525500000003,22.044864000000075],[109.00857900000005,22.048099000000036],[109.00852900000007,22.053776000000028],[109.00638600000008,22.056340000000034],[109.01014800000007,22.064173000000039],[109.00685800000008,22.066451000000029],[109.00856200000004,22.069289000000026],[109.01178500000009,22.070169000000078],[109.01475500000004,22.068915000000061],[109.01899000000009,22.071160000000077],[109.01740400000006,22.078453000000025],[109.01509200000004,22.078739000000041],[109.01426500000008,22.076099000000056],[109.01232500000003,22.079333000000076],[109.01472100000007,22.080246000000045],[109.01500800000008,22.084317000000055],[109.01979900000003,22.085901000000035],[109.02337700000004,22.093105000000037],[109.02243200000004,22.094656000000043],[109.01877000000007,22.094887000000028],[109.01812900000004,22.089476000000047],[109.01338800000008,22.087155000000052],[109.00444500000003,22.08177500000005],[108.99587400000007,22.084482000000037],[108.98561500000005,22.088288000000034],[108.98075600000004,22.087804000000062],[108.97393900000009,22.092380000000048],[108.97135800000007,22.096900000000062],[108.96778100000006,22.106304000000023],[108.96899600000006,22.110154000000023],[108.97120600000005,22.107745000000023],[108.97370300000006,22.110363000000063],[108.97709500000008,22.111969000000045],[108.97911900000008,22.114553000000058],[108.97918700000008,22.117105000000038],[108.97645400000005,22.124066000000028],[108.97466500000007,22.124231000000066],[108.97034600000006,22.127805000000023],[108.96197700000005,22.127992000000063],[108.96013800000009,22.12095400000004],[108.95477200000005,22.119821000000059],[108.95171800000008,22.117973000000063],[108.95100900000006,22.111375000000066],[108.94687600000009,22.112694000000033],[108.94119000000006,22.110385000000065],[108.93702200000007,22.107140000000072],[108.93528400000008,22.10806400000007],[108.93638100000004,22.111375000000066],[108.93634700000007,22.115983000000028],[108.93212900000009,22.116566000000034],[108.92738800000006,22.113464000000079],[108.92038600000006,22.117512000000033],[108.91993000000008,22.119656000000077],[108.92072300000007,22.123978000000022],[108.91827600000005,22.126969000000031],[108.91653900000006,22.124814000000072],[108.91493600000007,22.122251000000063],[108.91081900000006,22.118468000000064],[108.90904700000004,22.113992000000053],[108.90332700000005,22.114553000000058],[108.89976700000005,22.113728000000037],[108.89484000000004,22.109879000000035],[108.88991300000004,22.111199000000056],[108.89080800000005,22.115147000000036],[108.88686000000007,22.117666000000042],[108.88051500000006,22.117940000000033],[108.87219700000009,22.115235000000041],[108.87074600000005,22.11329900000004],[108.86608900000004,22.112189000000058],[108.86264700000004,22.113002000000051],[108.85424500000005,22.111947000000043],[108.84947000000005,22.107657000000074],[108.84049300000004,22.107866000000058],[108.83603900000008,22.108537000000069],[108.83737200000007,22.110704000000055],[108.83909300000005,22.110561000000075],[108.84047600000008,22.116412000000025],[108.83713600000004,22.120734000000027],[108.83352500000007,22.122757000000036],[108.83087600000005,22.127926000000059],[108.82893600000006,22.129180000000076],[108.82190000000008,22.12666100000007],[108.81623000000008,22.125210000000038],[108.80998700000004,22.124286000000041],[108.80045400000006,22.121625000000051],[108.79407700000007,22.114322000000072],[108.79215300000004,22.11079200000006],[108.78717600000004,22.11140800000004],[108.78381800000005,22.110605000000078],[108.78115200000008,22.108746000000053],[108.77165300000007,22.106722000000048],[108.76864900000004,22.105117000000064],[108.76250800000008,22.100497000000075],[108.75628200000006,22.093765000000076],[108.74782800000008,22.087540000000047],[108.74511200000006,22.083117000000072],[108.74249700000007,22.075175000000058],[108.74028600000008,22.073877000000039],[108.73777200000006,22.074273000000062],[108.73627100000004,22.07648400000005],[108.73566300000005,22.083920000000035],[108.73615300000006,22.086330000000032],[108.74431900000008,22.09175300000004],[108.74813200000006,22.096779000000026],[108.74993800000004,22.108438000000035],[108.75496600000008,22.116577000000063],[108.75479700000005,22.118501000000037],[108.75108500000005,22.119535000000042],[108.74806500000005,22.116269000000045],[108.74021900000008,22.112694000000033],[108.73649000000006,22.108922000000064],[108.73120900000004,22.107052000000067],[108.72849200000007,22.104292000000044],[108.72527000000008,22.105249000000072],[108.72557300000005,22.111925000000042],[108.72128800000007,22.113673000000063],[108.71750800000007,22.111166000000026],[108.71902700000004,22.107349000000056],[108.71641200000005,22.106689000000074],[108.71187300000008,22.107789000000025],[108.70301500000005,22.106997000000035],[108.69837500000006,22.107998000000066],[108.69091700000007,22.100343000000066],[108.68921300000005,22.096724000000052],[108.68890900000008,22.093710000000044],[108.69002300000005,22.091005000000052],[108.69636700000007,22.089509000000078],[108.69727800000004,22.087496000000044],[108.69596200000007,22.084779000000026],[108.69395400000008,22.083678000000077],[108.69052900000008,22.083667000000048],[108.68528100000009,22.084966000000065],[108.68216000000007,22.083546000000069],[108.67964600000005,22.078222000000039],[108.67561300000006,22.074141000000054],[108.67460100000005,22.070422000000065],[108.67520800000005,22.057968000000074],[108.67269400000004,22.051532000000066],[108.66729500000008,22.044996000000026],[108.66371800000007,22.036655000000053],[108.66329600000006,22.032275000000027],[108.66493300000008,22.026531000000034],[108.66478100000006,22.022151000000065],[108.66387000000009,22.019983000000025],[108.65950000000004,22.016868000000045],[108.65415100000007,22.012037000000078],[108.65452200000004,22.008383000000038],[108.65290300000004,22.004982000000041],[108.65614200000005,22.002715000000023],[108.65521400000006,21.999787000000026],[108.65951700000005,21.997993000000065],[108.66246900000004,21.994448000000034],[108.66608000000008,21.991983000000062],[108.66560800000008,21.989319000000023],[108.66238500000009,21.986215000000072],[108.67132800000007,21.977716000000044],[108.67166500000008,21.974755000000073],[108.65978700000005,21.974821000000077],[108.65982000000008,21.962105000000065],[108.64826300000004,21.961643000000038],[108.63744700000007,21.966652000000067],[108.63145700000007,21.968447000000026],[108.61185100000006,21.970935000000054],[108.60866200000004,21.971926000000053],[108.60785300000003,21.97420500000004],[108.60496700000004,21.975482000000056],[108.60621600000007,21.97765000000004],[108.60240300000004,21.980678000000069],[108.60314500000004,21.985312000000079],[108.59887600000008,21.986380000000054],[108.59980400000006,21.991498000000036],[108.62587300000007,21.998741000000052],[108.63209900000004,21.998235000000022],[108.63464600000009,22.001251000000025],[108.63255400000008,22.008262000000059],[108.62995600000005,22.013314000000037],[108.62344300000007,22.01663700000006],[108.61439900000005,22.019037000000026],[108.61148000000009,22.021348000000046],[108.61097400000006,22.027830000000051],[108.60986000000008,22.030339000000026],[108.60322900000006,22.035863000000063],[108.59929800000003,22.037877000000037],[108.59869100000009,22.040385000000072],[108.59880900000007,22.047318000000075],[108.60031000000004,22.050332000000026],[108.60231800000008,22.051334000000054],[108.60663800000009,22.051543000000038],[108.61067000000008,22.052841000000058],[108.61148000000009,22.054249000000027],[108.61288100000007,22.067419000000029],[108.61056900000005,22.075252000000035],[108.60805500000004,22.076253000000065],[108.59367900000007,22.06208300000003],[108.57991100000004,22.049485000000061],[108.58021500000007,22.046228000000042],[108.57665500000007,22.041354000000069],[108.57172800000006,22.036138000000051],[108.56926500000009,22.032452000000035],[108.56771200000009,22.032617000000073],[108.56420300000008,22.035709000000054],[108.56062600000007,22.035808000000031],[108.55998500000004,22.039373000000069],[108.56204300000007,22.040418000000045],[108.56562000000008,22.040451000000076],[108.56805000000008,22.042498000000023],[108.56842100000006,22.044336000000044],[108.56271800000007,22.050024000000064],[108.56354500000003,22.052951000000064],[108.56735800000007,22.053908000000035],[108.56767900000006,22.056098000000077],[108.56266700000003,22.062534000000028],[108.56027200000005,22.062666000000036],[108.56013700000005,22.067903000000058],[108.55497400000007,22.068827000000056],[108.55515900000006,22.073217000000056],[108.54900100000003,22.075923000000046],[108.54571000000004,22.078343000000075],[108.53923100000009,22.081082000000038],[108.53778000000005,22.082644000000073],[108.53668400000004,22.090576000000056],[108.53862400000008,22.092830000000049],[108.54159300000003,22.094084000000066],[108.53902900000008,22.095646000000045],[108.53545200000008,22.093688000000043],[108.53261700000007,22.088684000000057],[108.52841600000005,22.084526000000039],[108.52424800000006,22.08353500000004],[108.51944000000009,22.086209000000053],[108.50206100000008,22.075769000000037],[108.49929400000008,22.071699000000024],[108.49659400000007,22.07051000000007],[108.48883300000006,22.069421000000034],[108.48196500000006,22.063238000000069],[108.47865800000005,22.062347000000045],[108.47115000000008,22.062160000000063],[108.46632400000004,22.064085000000034],[108.46041900000006,22.065208000000041],[108.44656600000008,22.063271000000043],[108.44236500000005,22.059663000000057],[108.43914200000006,22.050530000000037],[108.43863600000009,22.047318000000075],[108.44015500000006,22.04213500000003],[108.43774200000007,22.036710000000028],[108.43813000000006,22.033497000000068],[108.44196000000005,22.028567000000066],[108.44666800000005,22.025552000000062],[108.45388900000006,22.023527000000058],[108.45650400000005,22.021909000000051],[108.45770200000004,22.018200000000036],[108.45750000000004,22.013072000000022],[108.45414200000005,22.009660000000054],[108.44847300000004,22.007260000000031],[108.44310800000005,22.001350000000059],[108.44379900000007,21.994911000000059],[108.44239900000008,21.992005000000063],[108.43548100000004,21.987315000000024],[108.43090900000004,21.982901000000027],[108.42750000000007,21.978531000000032],[108.41980600000005,21.976175000000069],[108.41720800000007,21.978542000000061],[108.41584100000006,21.977694000000042],[108.41514900000004,21.969581000000062],[108.40905800000007,21.959485000000029],[108.41057700000005,21.953352000000052],[108.41690400000005,21.946647000000041],[108.41644900000006,21.944389000000058],[108.41253400000005,21.939269000000024],[108.41337800000008,21.936802000000057],[108.41705600000006,21.933488000000068],[108.42056600000006,21.92858700000005],[108.42076800000007,21.925625000000025],[108.41923300000008,21.914656000000036]]],[[[108.69231700000006,21.607866000000058],[108.69469600000008,21.608617000000038],[108.69528700000006,21.610769000000062],[108.69231700000006,21.607866000000058]]],[[[108.84275400000007,21.607193000000052],[108.83914400000003,21.606763000000058],[108.83624100000009,21.604290000000049],[108.83752400000009,21.593451000000073],[108.84191100000004,21.588716000000034],[108.85939100000007,21.581916000000035],[108.86315300000007,21.581772000000058],[108.86499200000009,21.583472000000029],[108.86506000000008,21.587932000000023],[108.85549300000008,21.598341000000062],[108.84665200000006,21.605913000000044],[108.84275400000007,21.607193000000052]]]]},"properties":{"OBJECTID":1,"adcode":450702,"name":"钦南区","center":"[108.626629,21.966808]","centroid":"[108.761074,21.892392]","childrenNum":0,"level":"district","parent":"{\"adcode\":450700}","subFeatureIndex":0,"acroutes":"[100000,450000,450700]","Shape_Length":3.5881347113967097,"Shape_Area":0.22848789836699793}},{"type":"Feature","id":2,"geometry":{"type":"Polygon","coordinates":[[[108.91653900000006,22.124814000000072],[108.91385600000007,22.127420000000029],[108.91394000000008,22.130642000000023],[108.91110600000007,22.143959000000052],[108.91432800000007,22.145278000000076],[108.91886700000003,22.145256000000074],[108.92025100000006,22.146982000000037],[108.92058800000007,22.152161000000035],[108.92261300000007,22.154591000000039],[108.93106600000004,22.155614000000071],[108.93406900000008,22.15494300000006],[108.93481200000008,22.157021000000043],[108.93855700000006,22.158274000000063],[108.94373700000006,22.156592000000046],[108.94633600000009,22.160220000000038],[108.94508700000006,22.161825000000078],[108.93614500000007,22.166454000000044],[108.93165700000009,22.167015000000049],[108.92811300000005,22.169114000000036],[108.91866500000003,22.172116000000074],[108.91692700000004,22.173193000000026],[108.91264100000006,22.173457000000042],[108.90248400000007,22.176348000000075],[108.89988500000004,22.178547000000037],[108.89477300000004,22.176887000000022],[108.89318700000007,22.173919000000069],[108.88996400000008,22.17236900000006],[108.88448000000005,22.17294000000004],[108.88146000000006,22.174974000000077],[108.87835600000005,22.179404000000034],[108.87408700000009,22.182372000000043],[108.88075200000009,22.188429000000042],[108.88147700000007,22.196409000000074],[108.88291100000004,22.197937000000024],[108.88338400000004,22.200894000000062],[108.88181500000007,22.202224000000058],[108.88107200000007,22.206037000000038],[108.88201700000008,22.212181000000044],[108.88461500000005,22.213775000000055],[108.88962700000008,22.21446700000007],[108.89123000000006,22.213753000000054],[108.89374400000008,22.215039000000047],[108.89345700000007,22.217698000000041],[108.89855200000005,22.21999500000004],[108.89968300000004,22.21892900000006],[108.90457600000008,22.218511000000035],[108.90665100000007,22.222764000000041],[108.90641500000004,22.227611000000024],[108.90857500000004,22.231589000000042],[108.90862500000009,22.233644000000027],[108.91043100000007,22.236138000000039],[108.91009300000007,22.239336000000037],[108.90805200000005,22.242412000000058],[108.90368200000006,22.242720000000077],[108.90229800000009,22.240940000000023],[108.90042500000004,22.243742000000054],[108.90280400000006,22.246214000000066],[108.90153900000007,22.248357000000055],[108.90855800000008,22.24752200000006],[108.91053200000005,22.249082000000044],[108.91090300000008,22.252730000000042],[108.90255100000007,22.259981000000039],[108.89536300000009,22.264650000000074],[108.89411500000006,22.267858000000047],[108.88814200000007,22.274933000000033],[108.88124100000005,22.273527000000058],[108.87482900000003,22.270297000000028],[108.86669700000004,22.268649000000039],[108.86102700000004,22.266111000000024],[108.85510500000004,22.267232000000035],[108.85235500000005,22.272725000000037],[108.85357000000005,22.276174000000026],[108.85625200000004,22.280546000000072],[108.85844600000007,22.287434000000076],[108.85547600000007,22.291091000000051],[108.84187700000007,22.293563000000063],[108.83865400000008,22.296309000000065],[108.83813100000003,22.301812000000041],[108.84300700000006,22.310543000000052],[108.84714100000008,22.321800000000053],[108.84661800000003,22.326621000000046],[108.84115100000008,22.334165000000041],[108.83148300000005,22.338952000000063],[108.82188300000007,22.336613000000057],[108.81202900000005,22.333363000000077],[108.80237800000003,22.337228000000039],[108.79864900000007,22.341115000000059],[108.79638800000004,22.345924000000025],[108.79291200000006,22.351414000000034],[108.78746200000006,22.351162000000045],[108.77686600000004,22.344914000000074],[108.77168600000005,22.345573000000059],[108.76795800000008,22.348538000000076],[108.75402100000008,22.362459000000058],[108.74555100000003,22.371802000000059],[108.74178800000004,22.376676000000032],[108.74079300000005,22.380013000000076],[108.73817700000006,22.384041000000025],[108.73078700000008,22.389090000000067],[108.72692300000006,22.390254000000027],[108.72338000000008,22.389694000000077],[108.72110200000009,22.394809000000066],[108.71182200000004,22.393547000000069],[108.71055700000005,22.399079000000029],[108.70628800000009,22.402602000000059],[108.70807600000006,22.404138000000046],[108.71280100000007,22.404138000000046],[108.71465700000005,22.406081000000029],[108.72167600000006,22.407222000000047],[108.72321100000005,22.40828700000003],[108.72262100000006,22.413390000000049],[108.72108500000007,22.414071000000035],[108.71580400000005,22.410164000000066],[108.71070900000007,22.410910000000058],[108.70605200000006,22.415629000000024],[108.69960600000007,22.417385000000024],[108.69930300000004,22.419294000000036],[108.70158000000004,22.420633000000066],[108.69851000000006,22.425143000000048],[108.69393700000006,22.425187000000051],[108.69277300000005,22.428666000000078],[108.69498300000004,22.437433000000055],[108.69090000000006,22.442239000000029],[108.69214900000009,22.443534000000056],[108.69515200000006,22.441888000000063],[108.69754800000004,22.450523000000032],[108.69911700000006,22.453310000000045],[108.70046700000006,22.455273000000034],[108.69847600000008,22.461318000000063],[108.69523600000008,22.463194000000044],[108.68885800000004,22.462602000000061],[108.68764400000003,22.458477000000073],[108.68359400000008,22.454758000000027],[108.68359400000008,22.451444000000038],[108.68236200000007,22.446354000000042],[108.67782400000004,22.444565000000068],[108.67628800000006,22.442426000000069],[108.67718200000007,22.436237000000062],[108.67390900000004,22.431025000000034],[108.66191300000008,22.429873000000043],[108.66015800000008,22.431014000000062],[108.66058000000004,22.433670000000063],[108.65754300000003,22.437664000000041],[108.65669900000006,22.440198000000066],[108.65313900000007,22.44661700000006],[108.65055700000005,22.448921000000041],[108.64229000000006,22.451752000000056],[108.63960700000007,22.454692000000023],[108.63918500000005,22.45956300000006],[108.63560800000005,22.461110000000076],[108.63356700000008,22.46001300000006],[108.62889300000006,22.452278000000035],[108.62972000000008,22.450435000000027],[108.63356700000008,22.447231000000045],[108.63316200000008,22.445311000000061],[108.62588900000009,22.439057000000048],[108.62104700000003,22.437060000000031],[108.61790900000005,22.438399000000061],[108.61669400000005,22.436138000000028],[108.61532700000004,22.428688000000022],[108.61202000000009,22.425132000000076],[108.61029900000005,22.42097300000006],[108.60363400000006,22.414027000000033],[108.60161000000005,22.413127000000031],[108.59813400000007,22.413796000000048],[108.59423600000008,22.415892000000042],[108.59359500000005,22.420172000000036],[108.58384300000006,22.430729000000042],[108.57552400000009,22.425418000000036],[108.57329700000008,22.42330000000004],[108.57036100000005,22.423651000000064],[108.56587300000007,22.422982000000047],[108.55846600000007,22.419876000000045],[108.55640800000003,22.413280000000043],[108.55866900000007,22.408638000000053],[108.54734700000006,22.396236000000044],[108.55490600000007,22.388498000000027],[108.56060900000006,22.387883000000045],[108.56383200000005,22.385852000000057],[108.56396700000005,22.379991000000075],[108.56859000000009,22.372120000000052],[108.56860700000004,22.369606000000033],[108.56670000000008,22.368091000000049],[108.56393300000008,22.367970000000071],[108.56054200000005,22.369134000000031],[108.55765600000007,22.368025000000046],[108.55198700000005,22.364040000000045],[108.54776900000007,22.359187000000077],[108.55045200000006,22.356146000000024],[108.54668900000007,22.349822000000074],[108.54582900000008,22.346309000000076],[108.54059800000005,22.346353000000079],[108.54177900000008,22.330431000000033],[108.54765100000009,22.329695000000072],[108.55153100000007,22.326730000000055],[108.54957400000006,22.32161300000007],[108.54530500000004,22.318681000000026],[108.54388800000004,22.314738000000034],[108.54449600000004,22.311872000000051],[108.54635200000007,22.309664000000055],[108.54429300000004,22.304810000000032],[108.54098600000009,22.30386500000003],[108.53897800000004,22.302031000000056],[108.53703800000005,22.295529000000045],[108.53359600000005,22.290817000000061],[108.53253300000006,22.285808000000031],[108.52748800000006,22.281491000000074],[108.52812900000004,22.274955000000034],[108.52112700000004,22.271923000000072],[108.51971000000009,22.272143000000028],[108.51554200000004,22.275273000000027],[108.50705500000004,22.275032000000067],[108.50499700000006,22.264233000000047],[108.49821400000008,22.259498000000065],[108.49740400000007,22.253664000000072],[108.49836600000003,22.251554000000056],[108.50180800000004,22.250170000000026],[108.50131800000008,22.247423000000026],[108.49622300000004,22.238248000000056],[108.49391100000008,22.236676000000045],[108.48852900000009,22.237270000000024],[108.48547500000006,22.240588000000059],[108.48255600000005,22.239446000000044],[108.47565500000007,22.239797000000067],[108.46824800000007,22.239226000000031],[108.46327000000008,22.240171000000032],[108.45631900000006,22.243687000000023],[108.45119000000005,22.247994000000062],[108.44850700000006,22.246588000000031],[108.44589200000007,22.248170000000073],[108.44390100000004,22.251191000000063],[108.44191000000006,22.251202000000035],[108.43944600000003,22.24934600000006],[108.43603800000005,22.249302000000057],[108.43249500000007,22.251708000000065],[108.43121200000007,22.254685000000052],[108.42758500000008,22.258245000000045],[108.42572900000005,22.261255000000062],[108.42480100000006,22.265145000000075],[108.42316400000004,22.267221000000063],[108.41828800000008,22.268616000000065],[108.41536900000006,22.268627000000038],[108.40985100000006,22.265859000000034],[108.40905800000007,22.260673000000054],[108.40635900000007,22.258564000000035],[108.40349000000003,22.260585000000049],[108.39947500000005,22.261025000000075],[108.39071800000005,22.256905000000074],[108.38292300000006,22.252620000000036],[108.37689900000004,22.247895000000028],[108.37178700000004,22.242885000000058],[108.36962700000004,22.242171000000042],[108.36493600000006,22.243148000000076],[108.36205100000006,22.244621000000052],[108.35891300000009,22.243907000000036],[108.35435700000005,22.246390000000076],[108.34696700000006,22.24318100000005],[108.34124700000007,22.243786000000057],[108.33567900000008,22.24308300000007],[108.33136000000007,22.24150000000003],[108.32471200000003,22.238215000000025],[108.32174200000009,22.237435000000062],[108.31634300000007,22.233380000000068],[108.31450400000006,22.230765000000076],[108.30870000000004,22.224622000000068],[108.30487000000005,22.226171000000022],[108.30173100000007,22.224523000000033],[108.29985800000009,22.215170000000057],[108.29690600000004,22.212093000000039],[108.28585400000009,22.208225000000027],[108.27961100000005,22.204257000000041],[108.27981400000004,22.206972000000064],[108.27660800000007,22.210390000000075],[108.27368900000005,22.209445000000073],[108.26764800000007,22.205125000000066],[108.25902600000006,22.201146000000051],[108.25612400000006,22.200465000000065],[108.25376200000005,22.19802500000003],[108.25367800000004,22.195728000000031],[108.24703000000005,22.19634300000007],[108.24233900000007,22.195068000000049],[108.23896500000006,22.195211000000029],[108.23042700000008,22.190287000000069],[108.22766000000007,22.187846000000036],[108.22573700000004,22.182548000000054],[108.22170400000005,22.182966000000079],[108.21068600000007,22.178635000000043],[108.20883000000003,22.176205000000039],[108.20962300000008,22.173545000000047],[108.21188400000005,22.173358000000064],[108.21235700000005,22.17065400000007],[108.20319500000005,22.165464000000043],[108.19491000000005,22.165344000000061],[108.19303700000006,22.163530000000037],[108.18865000000005,22.150369000000069],[108.18458400000009,22.149072000000047],[108.18372400000004,22.146191000000044],[108.18500600000004,22.14139700000004],[108.18870100000004,22.138648000000046],[108.19081000000006,22.138505000000066],[108.19248000000005,22.135184000000038],[108.19146800000004,22.132853000000068],[108.19293600000009,22.131313000000034],[108.19683400000008,22.131665000000055],[108.20005600000007,22.124231000000066],[108.19745800000004,22.115631000000064],[108.20849300000003,22.111386000000039],[108.21142900000007,22.112035000000049],[108.21620300000006,22.110561000000075],[108.21576500000003,22.103335000000072],[108.21159700000004,22.096988000000067],[108.20776700000005,22.093941000000029],[108.20069700000005,22.096317000000056],[108.20068100000009,22.098957000000041],[108.19690100000008,22.101267000000064],[108.19489300000004,22.09703200000007],[108.19502800000004,22.095547000000067],[108.19907800000004,22.094953000000032],[108.19801500000005,22.092138000000034],[108.19926300000009,22.087771000000032],[108.19796400000007,22.084074000000044],[108.20218200000005,22.08080700000005],[108.20186200000006,22.077496000000053],[108.19752500000004,22.075087000000053],[108.19597300000004,22.071380000000033],[108.19680000000005,22.069080000000042],[108.20081600000009,22.068145000000072],[108.20287400000007,22.063755000000072],[108.20289100000008,22.060895000000073],[108.20520200000004,22.059498000000076],[108.21105700000004,22.057517000000075],[108.21284600000007,22.056296000000032],[108.22008400000004,22.053369000000032],[108.22340800000006,22.053292000000056],[108.22327300000006,22.051147000000071],[108.21994900000004,22.047087000000033],[108.21542700000003,22.046393000000023],[108.21021400000006,22.04084800000004],[108.20775000000003,22.039736000000062],[108.20727800000009,22.037634000000025],[108.20164200000005,22.033442000000036],[108.20135600000003,22.030779000000052],[108.19941500000004,22.02860000000004],[108.20206400000006,22.020698000000039],[108.20427400000005,22.019059000000027],[108.20535400000006,22.016560000000027],[108.20486500000004,22.013369000000068],[108.20331300000004,22.012994000000049],[108.20199700000006,22.007745000000057],[108.20034300000009,22.00662200000005],[108.19938100000007,22.003155000000049],[108.19647900000007,21.997167000000047],[108.19577100000004,21.99441500000006],[108.19953300000009,21.987789000000078],[108.20552300000008,21.979577000000063],[108.21124300000008,21.973654000000067],[108.21569700000003,21.972091000000034],[108.23467900000009,21.971100000000035],[108.23913300000004,21.968612000000064],[108.24338500000005,21.962689000000069],[108.24468500000006,21.955587000000037],[108.24377300000003,21.947781000000077],[108.25097800000009,21.942572000000041],[108.25809800000007,21.944235000000049],[108.26233300000007,21.939456000000064],[108.25944800000008,21.932783000000029],[108.25825000000003,21.92841100000004],[108.26300800000007,21.922035000000051],[108.28209100000004,21.913500000000056],[108.29074700000007,21.910383000000024],[108.29913300000004,21.910922000000028],[108.31932900000004,21.916187000000036],[108.32695600000005,21.920163000000059],[108.33753500000006,21.924403000000041],[108.34890700000005,21.922916000000043],[108.35511600000007,21.919766000000038],[108.35957100000007,21.918202000000065],[108.36400800000007,21.918709000000035],[108.37779300000005,21.924116000000026],[108.38194400000003,21.927365000000066],[108.39033000000006,21.928125000000023],[108.39901900000007,21.921782000000064],[108.40473900000006,21.916330000000073],[108.41042500000009,21.914304000000072],[108.41584100000006,21.91388500000005],[108.41923300000008,21.914656000000036],[108.42076800000007,21.925625000000025],[108.42056600000006,21.92858700000005],[108.41705600000006,21.933488000000068],[108.41337800000008,21.936802000000057],[108.41253400000005,21.939269000000024],[108.41644900000006,21.944389000000058],[108.41690400000005,21.946647000000041],[108.41057700000005,21.953352000000052],[108.40905800000007,21.959485000000029],[108.41514900000004,21.969581000000062],[108.41584100000006,21.977694000000042],[108.41720800000007,21.978542000000061],[108.41980600000005,21.976175000000069],[108.42750000000007,21.978531000000032],[108.43090900000004,21.982901000000027],[108.43548100000004,21.987315000000024],[108.44239900000008,21.992005000000063],[108.44379900000007,21.994911000000059],[108.44310800000005,22.001350000000059],[108.44847300000004,22.007260000000031],[108.45414200000005,22.009660000000054],[108.45750000000004,22.013072000000022],[108.45770200000004,22.018200000000036],[108.45650400000005,22.021909000000051],[108.45388900000006,22.023527000000058],[108.44666800000005,22.025552000000062],[108.44196000000005,22.028567000000066],[108.43813000000006,22.033497000000068],[108.43774200000007,22.036710000000028],[108.44015500000006,22.04213500000003],[108.43863600000009,22.047318000000075],[108.43914200000006,22.050530000000037],[108.44236500000005,22.059663000000057],[108.44656600000008,22.063271000000043],[108.46041900000006,22.065208000000041],[108.46632400000004,22.064085000000034],[108.47115000000008,22.062160000000063],[108.47865800000005,22.062347000000045],[108.48196500000006,22.063238000000069],[108.48883300000006,22.069421000000034],[108.49659400000007,22.07051000000007],[108.49929400000008,22.071699000000024],[108.50206100000008,22.075769000000037],[108.51944000000009,22.086209000000053],[108.52424800000006,22.08353500000004],[108.52841600000005,22.084526000000039],[108.53261700000007,22.088684000000057],[108.53545200000008,22.093688000000043],[108.53902900000008,22.095646000000045],[108.54159300000003,22.094084000000066],[108.53862400000008,22.092830000000049],[108.53668400000004,22.090576000000056],[108.53778000000005,22.082644000000073],[108.53923100000009,22.081082000000038],[108.54571000000004,22.078343000000075],[108.54900100000003,22.075923000000046],[108.55515900000006,22.073217000000056],[108.55497400000007,22.068827000000056],[108.56013700000005,22.067903000000058],[108.56027200000005,22.062666000000036],[108.56266700000003,22.062534000000028],[108.56767900000006,22.056098000000077],[108.56735800000007,22.053908000000035],[108.56354500000003,22.052951000000064],[108.56271800000007,22.050024000000064],[108.56842100000006,22.044336000000044],[108.56805000000008,22.042498000000023],[108.56562000000008,22.040451000000076],[108.56204300000007,22.040418000000045],[108.55998500000004,22.039373000000069],[108.56062600000007,22.035808000000031],[108.56420300000008,22.035709000000054],[108.56771200000009,22.032617000000073],[108.56926500000009,22.032452000000035],[108.57172800000006,22.036138000000051],[108.57665500000007,22.041354000000069],[108.58021500000007,22.046228000000042],[108.57991100000004,22.049485000000061],[108.59367900000007,22.06208300000003],[108.60805500000004,22.076253000000065],[108.61056900000005,22.075252000000035],[108.61288100000007,22.067419000000029],[108.61148000000009,22.054249000000027],[108.61067000000008,22.052841000000058],[108.60663800000009,22.051543000000038],[108.60231800000008,22.051334000000054],[108.60031000000004,22.050332000000026],[108.59880900000007,22.047318000000075],[108.59869100000009,22.040385000000072],[108.59929800000003,22.037877000000037],[108.60322900000006,22.035863000000063],[108.60986000000008,22.030339000000026],[108.61097400000006,22.027830000000051],[108.61148000000009,22.021348000000046],[108.61439900000005,22.019037000000026],[108.62344300000007,22.01663700000006],[108.62995600000005,22.013314000000037],[108.63255400000008,22.008262000000059],[108.63464600000009,22.001251000000025],[108.63209900000004,21.998235000000022],[108.62587300000007,21.998741000000052],[108.59980400000006,21.991498000000036],[108.59887600000008,21.986380000000054],[108.60314500000004,21.985312000000079],[108.60240300000004,21.980678000000069],[108.60621600000007,21.97765000000004],[108.60496700000004,21.975482000000056],[108.60785300000003,21.97420500000004],[108.60866200000004,21.971926000000053],[108.61185100000006,21.970935000000054],[108.63145700000007,21.968447000000026],[108.63744700000007,21.966652000000067],[108.64826300000004,21.961643000000038],[108.65982000000008,21.962105000000065],[108.65978700000005,21.974821000000077],[108.67166500000008,21.974755000000073],[108.67132800000007,21.977716000000044],[108.66238500000009,21.986215000000072],[108.66560800000008,21.989319000000023],[108.66608000000008,21.991983000000062],[108.66246900000004,21.994448000000034],[108.65951700000005,21.997993000000065],[108.65521400000006,21.999787000000026],[108.65614200000005,22.002715000000023],[108.65290300000004,22.004982000000041],[108.65452200000004,22.008383000000038],[108.65415100000007,22.012037000000078],[108.65950000000004,22.016868000000045],[108.66387000000009,22.019983000000025],[108.66478100000006,22.022151000000065],[108.66493300000008,22.026531000000034],[108.66329600000006,22.032275000000027],[108.66371800000007,22.036655000000053],[108.66729500000008,22.044996000000026],[108.67269400000004,22.051532000000066],[108.67520800000005,22.057968000000074],[108.67460100000005,22.070422000000065],[108.67561300000006,22.074141000000054],[108.67964600000005,22.078222000000039],[108.68216000000007,22.083546000000069],[108.68528100000009,22.084966000000065],[108.69052900000008,22.083667000000048],[108.69395400000008,22.083678000000077],[108.69596200000007,22.084779000000026],[108.69727800000004,22.087496000000044],[108.69636700000007,22.089509000000078],[108.69002300000005,22.091005000000052],[108.68890900000008,22.093710000000044],[108.68921300000005,22.096724000000052],[108.69091700000007,22.100343000000066],[108.69837500000006,22.107998000000066],[108.70301500000005,22.106997000000035],[108.71187300000008,22.107789000000025],[108.71641200000005,22.106689000000074],[108.71902700000004,22.107349000000056],[108.71750800000007,22.111166000000026],[108.72128800000007,22.113673000000063],[108.72557300000005,22.111925000000042],[108.72527000000008,22.105249000000072],[108.72849200000007,22.104292000000044],[108.73120900000004,22.107052000000067],[108.73649000000006,22.108922000000064],[108.74021900000008,22.112694000000033],[108.74806500000005,22.116269000000045],[108.75108500000005,22.119535000000042],[108.75479700000005,22.118501000000037],[108.75496600000008,22.116577000000063],[108.74993800000004,22.108438000000035],[108.74813200000006,22.096779000000026],[108.74431900000008,22.09175300000004],[108.73615300000006,22.086330000000032],[108.73566300000005,22.083920000000035],[108.73627100000004,22.07648400000005],[108.73777200000006,22.074273000000062],[108.74028600000008,22.073877000000039],[108.74249700000007,22.075175000000058],[108.74511200000006,22.083117000000072],[108.74782800000008,22.087540000000047],[108.75628200000006,22.093765000000076],[108.76250800000008,22.100497000000075],[108.76864900000004,22.105117000000064],[108.77165300000007,22.106722000000048],[108.78115200000008,22.108746000000053],[108.78381800000005,22.110605000000078],[108.78717600000004,22.11140800000004],[108.79215300000004,22.11079200000006],[108.79407700000007,22.114322000000072],[108.80045400000006,22.121625000000051],[108.80998700000004,22.124286000000041],[108.81623000000008,22.125210000000038],[108.82190000000008,22.12666100000007],[108.82893600000006,22.129180000000076],[108.83087600000005,22.127926000000059],[108.83352500000007,22.122757000000036],[108.83713600000004,22.120734000000027],[108.84047600000008,22.116412000000025],[108.83909300000005,22.110561000000075],[108.83737200000007,22.110704000000055],[108.83603900000008,22.108537000000069],[108.84049300000004,22.107866000000058],[108.84947000000005,22.107657000000074],[108.85424500000005,22.111947000000043],[108.86264700000004,22.113002000000051],[108.86608900000004,22.112189000000058],[108.87074600000005,22.11329900000004],[108.87219700000009,22.115235000000041],[108.88051500000006,22.117940000000033],[108.88686000000007,22.117666000000042],[108.89080800000005,22.115147000000036],[108.88991300000004,22.111199000000056],[108.89484000000004,22.109879000000035],[108.89976700000005,22.113728000000037],[108.90332700000005,22.114553000000058],[108.90904700000004,22.113992000000053],[108.91081900000006,22.118468000000064],[108.91493600000007,22.122251000000063],[108.91653900000006,22.124814000000072]]]},"properties":{"OBJECTID":2,"adcode":450703,"name":"钦北区","center":"[108.44911,22.132761]","centroid":"[108.545483,22.170265]","childrenNum":0,"level":"district","parent":"{\"adcode\":450700}","subFeatureIndex":1,"acroutes":"[100000,450000,450700]","Shape_Length":3.4116228904460426,"Shape_Area":0.19606401840800206}},{"type":"Feature","id":3,"geometry":{"type":"Polygon","coordinates":[[[108.69911700000006,22.453310000000045],[108.69754800000004,22.450523000000032],[108.69515200000006,22.441888000000063],[108.69214900000009,22.443534000000056],[108.69090000000006,22.442239000000029],[108.69498300000004,22.437433000000055],[108.69277300000005,22.428666000000078],[108.69393700000006,22.425187000000051],[108.69851000000006,22.425143000000048],[108.70158000000004,22.420633000000066],[108.69930300000004,22.419294000000036],[108.69960600000007,22.417385000000024],[108.70605200000006,22.415629000000024],[108.71070900000007,22.410910000000058],[108.71580400000005,22.410164000000066],[108.72108500000007,22.414071000000035],[108.72262100000006,22.413390000000049],[108.72321100000005,22.40828700000003],[108.72167600000006,22.407222000000047],[108.71465700000005,22.406081000000029],[108.71280100000007,22.404138000000046],[108.70807600000006,22.404138000000046],[108.70628800000009,22.402602000000059],[108.71055700000005,22.399079000000029],[108.71182200000004,22.393547000000069],[108.72110200000009,22.394809000000066],[108.72338000000008,22.389694000000077],[108.72692300000006,22.390254000000027],[108.73078700000008,22.389090000000067],[108.73817700000006,22.384041000000025],[108.74079300000005,22.380013000000076],[108.74178800000004,22.376676000000032],[108.74555100000003,22.371802000000059],[108.75402100000008,22.362459000000058],[108.76795800000008,22.348538000000076],[108.77168600000005,22.345573000000059],[108.77686600000004,22.344914000000074],[108.78746200000006,22.351162000000045],[108.79291200000006,22.351414000000034],[108.79638800000004,22.345924000000025],[108.79864900000007,22.341115000000059],[108.80237800000003,22.337228000000039],[108.81202900000005,22.333363000000077],[108.82188300000007,22.336613000000057],[108.83148300000005,22.338952000000063],[108.84115100000008,22.334165000000041],[108.84661800000003,22.326621000000046],[108.84714100000008,22.321800000000053],[108.84300700000006,22.310543000000052],[108.83813100000003,22.301812000000041],[108.83865400000008,22.296309000000065],[108.84187700000007,22.293563000000063],[108.85547600000007,22.291091000000051],[108.85844600000007,22.287434000000076],[108.85625200000004,22.280546000000072],[108.85357000000005,22.276174000000026],[108.85235500000005,22.272725000000037],[108.85510500000004,22.267232000000035],[108.86102700000004,22.266111000000024],[108.86669700000004,22.268649000000039],[108.87482900000003,22.270297000000028],[108.88124100000005,22.273527000000058],[108.88814200000007,22.274933000000033],[108.89411500000006,22.267858000000047],[108.89536300000009,22.264650000000074],[108.90255100000007,22.259981000000039],[108.91090300000008,22.252730000000042],[108.91053200000005,22.249082000000044],[108.90855800000008,22.24752200000006],[108.90153900000007,22.248357000000055],[108.90280400000006,22.246214000000066],[108.90042500000004,22.243742000000054],[108.90229800000009,22.240940000000023],[108.90368200000006,22.242720000000077],[108.90805200000005,22.242412000000058],[108.91009300000007,22.239336000000037],[108.91043100000007,22.236138000000039],[108.90862500000009,22.233644000000027],[108.90857500000004,22.231589000000042],[108.90641500000004,22.227611000000024],[108.90665100000007,22.222764000000041],[108.90457600000008,22.218511000000035],[108.89968300000004,22.21892900000006],[108.89855200000005,22.21999500000004],[108.89345700000007,22.217698000000041],[108.89374400000008,22.215039000000047],[108.89123000000006,22.213753000000054],[108.88962700000008,22.21446700000007],[108.88461500000005,22.213775000000055],[108.88201700000008,22.212181000000044],[108.88107200000007,22.206037000000038],[108.88181500000007,22.202224000000058],[108.88338400000004,22.200894000000062],[108.88291100000004,22.197937000000024],[108.88147700000007,22.196409000000074],[108.88075200000009,22.188429000000042],[108.87408700000009,22.182372000000043],[108.87835600000005,22.179404000000034],[108.88146000000006,22.174974000000077],[108.88448000000005,22.17294000000004],[108.88996400000008,22.17236900000006],[108.89318700000007,22.173919000000069],[108.89477300000004,22.176887000000022],[108.89988500000004,22.178547000000037],[108.90248400000007,22.176348000000075],[108.91264100000006,22.173457000000042],[108.91692700000004,22.173193000000026],[108.91866500000003,22.172116000000074],[108.92811300000005,22.169114000000036],[108.93165700000009,22.167015000000049],[108.93614500000007,22.166454000000044],[108.94508700000006,22.161825000000078],[108.94633600000009,22.160220000000038],[108.94373700000006,22.156592000000046],[108.93855700000006,22.158274000000063],[108.93481200000008,22.157021000000043],[108.93406900000008,22.15494300000006],[108.93106600000004,22.155614000000071],[108.92261300000007,22.154591000000039],[108.92058800000007,22.152161000000035],[108.92025100000006,22.146982000000037],[108.91886700000003,22.145256000000074],[108.91432800000007,22.145278000000076],[108.91110600000007,22.143959000000052],[108.91394000000008,22.130642000000023],[108.91385600000007,22.127420000000029],[108.91653900000006,22.124814000000072],[108.91827600000005,22.126969000000031],[108.92072300000007,22.123978000000022],[108.91993000000008,22.119656000000077],[108.92038600000006,22.117512000000033],[108.92738800000006,22.113464000000079],[108.93212900000009,22.116566000000034],[108.93634700000007,22.115983000000028],[108.93638100000004,22.111375000000066],[108.93528400000008,22.10806400000007],[108.93702200000007,22.107140000000072],[108.94119000000006,22.110385000000065],[108.94687600000009,22.112694000000033],[108.95100900000006,22.111375000000066],[108.95171800000008,22.117973000000063],[108.95477200000005,22.119821000000059],[108.96013800000009,22.12095400000004],[108.96197700000005,22.127992000000063],[108.97034600000006,22.127805000000023],[108.97466500000007,22.124231000000066],[108.97645400000005,22.124066000000028],[108.97918700000008,22.117105000000038],[108.97911900000008,22.114553000000058],[108.97709500000008,22.111969000000045],[108.97370300000006,22.110363000000063],[108.97120600000005,22.107745000000023],[108.96899600000006,22.110154000000023],[108.96778100000006,22.106304000000023],[108.97135800000007,22.096900000000062],[108.97393900000009,22.092380000000048],[108.98075600000004,22.087804000000062],[108.98561500000005,22.088288000000034],[108.99587400000007,22.084482000000037],[109.00444500000003,22.08177500000005],[109.01338800000008,22.087155000000052],[109.01812900000004,22.089476000000047],[109.01877000000007,22.094887000000028],[109.02243200000004,22.094656000000043],[109.02337700000004,22.093105000000037],[109.01979900000003,22.085901000000035],[109.01500800000008,22.084317000000055],[109.01472100000007,22.080246000000045],[109.01232500000003,22.079333000000076],[109.01426500000008,22.076099000000056],[109.01509200000004,22.078739000000041],[109.01740400000006,22.078453000000025],[109.01899000000009,22.071160000000077],[109.01475500000004,22.068915000000061],[109.01178500000009,22.070169000000078],[109.00856200000004,22.069289000000026],[109.00685800000008,22.066451000000029],[109.01014800000007,22.064173000000039],[109.00638600000008,22.056340000000034],[109.00852900000007,22.053776000000028],[109.00857900000005,22.048099000000036],[109.00525500000003,22.044864000000075],[109.00356800000009,22.044424000000049],[109.00476600000007,22.041266000000064],[109.00172900000007,22.03968100000003],[109.00375400000007,22.033640000000048],[109.00778600000007,22.033541000000071],[109.01046900000006,22.032474000000036],[109.01392800000008,22.029733000000078],[109.01664400000004,22.031549000000041],[109.02452400000004,22.027896000000055],[109.02555300000006,22.025882000000024],[109.02368000000007,22.023483000000056],[109.02411900000004,22.01931200000007],[109.02843800000005,22.013699000000031],[109.03296000000006,22.012389000000042],[109.03532200000006,22.005433000000039],[109.03702700000008,22.003012000000069],[109.03913600000004,22.003397000000064],[109.03744800000004,22.008812000000034],[109.03967600000004,22.006512000000043],[109.04085700000007,22.009462000000042],[109.04014800000004,22.014843000000042],[109.04122800000005,22.017562000000055],[109.04286400000007,22.017507000000023],[109.04515900000007,22.012675000000058],[109.04583400000007,22.006556000000046],[109.04441700000007,22.004465000000039],[109.04878700000006,22.004685000000052],[109.04794300000009,22.009131000000025],[109.05109800000008,22.010694000000058],[109.05632900000006,22.010210000000029],[109.05901200000005,22.015185000000031],[109.06252100000006,22.015636000000029],[109.06118800000007,22.011949000000072],[109.06123900000006,22.007690000000025],[109.06388800000008,22.008955000000071],[109.06592900000004,22.006633000000022],[109.06454600000006,22.00151500000004],[109.06508600000006,21.999611000000073],[109.06871300000006,21.999688000000049],[109.07176700000008,21.99869700000005],[109.07232400000004,21.997266000000025],[109.06741400000004,21.993172000000072],[109.06707700000004,21.986952000000031],[109.07026600000006,21.981448000000057],[109.07132900000005,21.977056000000061],[109.07348800000005,21.974249000000043],[109.07612100000006,21.966311000000076],[109.07799300000005,21.963272000000075],[109.08357800000005,21.958846000000051],[109.08934900000008,21.955719000000045],[109.09253800000005,21.952394000000027],[109.09511900000007,21.950996000000032],[109.09788600000007,21.95098500000006],[109.09889900000007,21.946548000000064],[109.10193600000008,21.940205000000049],[109.10223900000005,21.936924000000033],[109.10144600000007,21.931748000000027],[109.09776800000009,21.930228000000056],[109.09776800000009,21.926396000000068],[109.09957400000008,21.926781000000062],[109.10154800000004,21.924425000000042],[109.10274600000008,21.918665000000033],[109.10593500000004,21.916914000000077],[109.10689600000006,21.921451000000047],[109.10839800000008,21.92218900000006],[109.11158700000004,21.920636000000059],[109.11030500000004,21.925107000000025],[109.11295400000006,21.929303000000061],[109.11403400000006,21.928180000000054],[109.11437100000006,21.92386300000004],[109.11610900000005,21.92386300000004],[109.11820100000006,21.920163000000059],[109.12182900000005,21.921121000000028],[109.12380300000007,21.919436000000076],[109.13266100000004,21.914887000000078],[109.13834700000007,21.911462000000029],[109.14352700000006,21.90642900000006],[109.14700300000004,21.89978700000006],[109.14973600000008,21.889697000000069],[109.15199700000005,21.880070000000046],[109.15326300000004,21.869064000000037],[109.15306000000004,21.856449000000055],[109.15407200000004,21.850708000000054],[109.16439900000006,21.851876000000061],[109.17793000000006,21.850984000000039],[109.19169900000009,21.850775000000056],[109.20202500000005,21.852394000000061],[109.21213100000006,21.852648000000045],[109.22024700000009,21.850598000000048],[109.23156900000004,21.852229000000023],[109.24214800000004,21.858443000000022],[109.24510100000003,21.860514000000023],[109.25493700000004,21.865814000000057],[109.26133200000004,21.873867000000075],[109.26150100000007,21.877216000000033],[109.25789000000009,21.878880000000038],[109.25988100000006,21.88406800000007],[109.25814300000008,21.887604000000067],[109.25843000000003,21.890964000000054],[109.26065700000004,21.890689000000066],[109.26617500000003,21.886613000000068],[109.26772700000004,21.886701000000073],[109.26836800000007,21.891173000000038],[109.27199600000006,21.889829000000077],[109.27665300000007,21.88968600000004],[109.27844100000004,21.890590000000032],[109.27564000000007,21.894511000000023],[109.27508300000005,21.897265000000061],[109.27283900000003,21.899413000000038],[109.27445900000004,21.905063000000041],[109.27073000000007,21.906297000000052],[109.27100000000007,21.902651000000048],[109.26781100000005,21.903113000000076],[109.26755800000007,21.906363000000056],[109.26593800000006,21.908224000000075],[109.26728800000006,21.911000000000058],[109.26899200000008,21.91032800000005],[109.27324400000003,21.910757000000046],[109.27538700000008,21.909865000000025],[109.28006100000005,21.913533000000029],[109.28125900000003,21.912046000000032],[109.28141100000005,21.90810300000004],[109.28770400000008,21.904821000000027],[109.28864900000008,21.906308000000024],[109.28480200000007,21.908433000000059],[109.28591600000004,21.913103000000035],[109.29047100000008,21.909369000000027],[109.29055600000004,21.914920000000052],[109.29303600000009,21.915834000000075],[109.29214200000007,21.912123000000065],[109.29521300000005,21.907398000000057],[109.29617400000006,21.909447000000057],[109.29796300000004,21.908819000000051],[109.29959900000006,21.911396000000025],[109.30348000000004,21.914072000000033],[109.30243400000006,21.915515000000028],[109.29814800000008,21.917145000000062],[109.29755800000004,21.920636000000059],[109.30375000000004,21.92065800000006],[109.30533600000007,21.923940000000073],[109.30489700000004,21.926825000000065],[109.29917800000004,21.927057000000048],[109.29718700000006,21.935063000000071],[109.29848600000008,21.93939000000006],[109.29600600000003,21.939665000000048],[109.29598900000008,21.942209000000048],[109.29190500000004,21.944312000000025],[109.29099400000007,21.947693000000072],[109.28805900000003,21.950699000000043],[109.28190000000006,21.954420000000027],[109.27707400000008,21.967082000000062],[109.27049400000004,21.975162000000068],[109.27574100000004,21.983859000000052],[109.27702400000004,21.988207000000045],[109.27663600000005,21.999468000000036],[109.26512900000006,22.011024000000077],[109.26742300000006,22.01927900000004],[109.26674800000006,22.025717000000043],[109.26161900000005,22.032407000000035],[109.26067400000005,22.036160000000052],[109.26443700000004,22.036963000000071],[109.26642800000008,22.040473000000077],[109.26548300000007,22.045106000000033],[109.26685000000003,22.046327000000076],[109.27142200000009,22.045348000000047],[109.26968400000004,22.04913300000004],[109.27165800000006,22.051521000000037],[109.27552200000008,22.05288500000006],[109.27270400000003,22.055922000000066],[109.27457700000008,22.060587000000055],[109.27437500000008,22.062369000000047],[109.27184400000004,22.064647000000036],[109.27181000000007,22.067958000000033],[109.27533700000004,22.06889300000006],[109.27854200000007,22.07421800000003],[109.27795200000008,22.075780000000066],[109.27466200000003,22.077518000000055],[109.27962200000007,22.08304000000004],[109.27989200000007,22.085571000000073],[109.27801900000009,22.095690000000047],[109.27882900000009,22.105326000000048],[109.27424000000008,22.115928000000054],[109.25922300000008,22.122922000000074],[109.25630400000006,22.128223000000048],[109.25638800000007,22.136492000000032],[109.25443100000007,22.139945000000068],[109.24538700000005,22.149203000000057],[109.24017400000008,22.147180000000048],[109.23673200000007,22.14881900000006],[109.23914500000006,22.155954000000065],[109.24012300000004,22.157109000000048],[109.24810400000007,22.159890000000075],[109.24950400000006,22.157823000000064],[109.25488700000005,22.157197000000053],[109.26248000000004,22.162199000000044],[109.26735600000006,22.16199000000006],[109.26956600000005,22.164475000000039],[109.26993700000008,22.167498000000023],[109.26517900000005,22.16875200000004],[109.26325600000007,22.177206000000069],[109.26340800000008,22.186022000000037],[109.26474000000007,22.187802000000033],[109.27177600000005,22.188891000000069],[109.27565700000008,22.186857000000032],[109.27888000000007,22.188407000000041],[109.27606200000008,22.192463000000032],[109.28026300000005,22.194376000000034],[109.28625300000004,22.201399000000038],[109.29301900000007,22.20223500000003],[109.29863800000004,22.207818000000032],[109.30064600000009,22.212522000000035],[109.30395300000004,22.213093000000072],[109.30776600000007,22.209840000000042],[109.31324900000004,22.215940000000046],[109.31409300000007,22.223325000000045],[109.31134300000008,22.223435000000052],[109.31127500000008,22.216775000000041],[109.30639900000006,22.216434000000049],[109.30310900000006,22.222479000000078],[109.30400300000008,22.224896000000058],[109.30731000000009,22.229050000000029],[109.31159600000007,22.22725900000006],[109.31618500000008,22.227457000000072],[109.31910400000004,22.229292000000044],[109.32322100000005,22.229809000000046],[109.32605600000005,22.231270000000052],[109.32607300000006,22.232732000000055],[109.31731600000006,22.234028000000023],[109.31694500000003,22.239270000000033],[109.32242800000006,22.239896000000044],[109.32544800000005,22.243061000000068],[109.33177600000005,22.243808000000058],[109.33538600000009,22.249686000000054],[109.33223100000004,22.252927000000057],[109.33243400000003,22.255059000000074],[109.33857500000005,22.258641000000068],[109.34527400000007,22.257036000000028],[109.34881700000005,22.262013000000024],[109.34746700000005,22.269034000000033],[109.34039800000005,22.271593000000053],[109.33958800000005,22.27307600000006],[109.34586400000006,22.279272000000049],[109.35146600000007,22.281689000000028],[109.35857000000004,22.285863000000063],[109.35919400000006,22.289675000000045],[109.36440700000009,22.294562000000042],[109.36867600000005,22.289059000000066],[109.37652200000008,22.293980000000033],[109.37972800000006,22.301120000000026],[109.38141500000006,22.301460000000077],[109.38426700000008,22.299428000000034],[109.39118400000007,22.301899000000049],[109.39469400000007,22.310137000000054],[109.39339500000006,22.311081000000058],[109.38943000000006,22.308896000000061],[109.38767500000006,22.310203000000058],[109.39086400000008,22.313475000000039],[109.39413700000006,22.319537000000025],[109.39719100000008,22.322118000000046],[109.40026200000005,22.323403000000042],[109.40162900000007,22.326610000000073],[109.40134200000006,22.330343000000028],[109.39827100000008,22.334472000000062],[109.39898000000005,22.340467000000046],[109.40761800000007,22.350349000000051],[109.41824800000006,22.35403800000006],[109.42862500000007,22.355202000000077],[109.43777000000006,22.356575000000078],[109.44318600000008,22.36025200000006],[109.44762400000008,22.365983000000028],[109.44735400000008,22.375852000000066],[109.44686400000006,22.379980000000046],[109.44807900000006,22.39075900000006],[109.45472700000005,22.397421000000065],[109.46387200000004,22.393283000000054],[109.47598700000009,22.380880000000047],[109.48214500000006,22.382483000000036],[109.48509800000005,22.389354000000026],[109.48977200000007,22.402426000000048],[109.48875900000007,22.411832000000061],[109.48209500000007,22.421259000000077],[109.47812900000008,22.433187000000032],[109.48282000000006,22.445575000000076],[109.48649800000004,22.448778000000061],[109.49044700000007,22.454045000000065],[109.50276400000007,22.465729000000067],[109.51189200000005,22.475810000000024],[109.51953500000008,22.48635100000007],[109.53111000000007,22.504460000000051],[109.54170600000003,22.518903000000023],[109.54433800000004,22.521469000000025],[109.54599100000007,22.527390000000025],[109.54985500000004,22.533015000000034],[109.55999600000007,22.538026000000059],[109.56475400000005,22.539890000000071],[109.57443900000004,22.545296000000064],[109.57656500000007,22.549309000000051],[109.57529900000009,22.551337000000046],[109.56728500000008,22.551764000000048],[109.56601900000004,22.554659000000072],[109.56760500000007,22.556665000000066],[109.56529400000005,22.558967000000052],[109.55916900000005,22.560995000000048],[109.55366900000007,22.560941000000071],[109.55086800000004,22.559833000000026],[109.54638000000006,22.563067000000046],[109.54840400000006,22.566268000000036],[109.55014200000005,22.571289000000036],[109.55336500000004,22.569864000000052],[109.55473200000006,22.572067000000061],[109.54946700000005,22.579214000000036],[109.54233000000005,22.582930000000033],[109.53689700000007,22.582349000000022],[109.52928700000007,22.583160000000078],[109.52528900000004,22.584070000000054],[109.51951800000006,22.590142000000071],[109.51881000000009,22.591732000000036],[109.51550200000008,22.593968000000075],[109.50791000000004,22.597223000000042],[109.50603700000005,22.597365000000025],[109.50320200000004,22.599919000000057],[109.50257800000009,22.602659000000074],[109.49933800000008,22.608774000000039],[109.50343900000007,22.609037000000058],[109.50958000000008,22.607371000000057],[109.51307300000008,22.605234000000053],[109.51516500000008,22.607864000000063],[109.51386600000006,22.612347000000057],[109.51558700000004,22.617234000000053],[109.51715600000006,22.618111000000056],[109.51862400000005,22.623283000000072],[109.51875900000005,22.626220000000046],[109.52056400000004,22.631128000000047],[109.52002400000003,22.634065000000078],[109.51796600000006,22.635533000000066],[109.51565400000004,22.637538000000063],[109.51288700000003,22.63805300000007],[109.50956300000007,22.641022000000078],[109.49918700000006,22.647158000000047],[109.49164500000006,22.652121000000022],[109.48963700000007,22.65100300000006],[109.48730800000004,22.646939000000032],[109.47855100000004,22.643411000000071],[109.47414800000007,22.638776000000064],[109.47227500000008,22.633090000000038],[109.46419300000008,22.629485000000045],[109.45678600000008,22.631468000000041],[109.45030600000007,22.630657000000042],[109.44610500000005,22.625529000000029],[109.44780900000006,22.622132000000079],[109.44678000000005,22.619009000000062],[109.44838300000004,22.614867000000061],[109.44737100000003,22.611525000000029],[109.44489000000004,22.611053000000027],[109.43891700000006,22.613420000000076],[109.43852900000007,22.621782000000053],[109.44070600000003,22.630723000000046],[109.43957500000005,22.632882000000052],[109.43704400000007,22.631402000000037],[109.42896200000007,22.63162200000005],[109.42786600000005,22.634142000000054],[109.41986800000006,22.632630000000063],[109.41721900000005,22.630088000000057],[109.41247800000008,22.634405000000072],[109.40863100000007,22.633857000000035],[109.40643700000004,22.630307000000073],[109.40395700000005,22.628049000000033],[109.40179700000004,22.62763300000006],[109.39810200000005,22.629233000000056],[109.39673600000003,22.63109600000007],[109.38691600000004,22.639006000000052],[109.38229300000006,22.639752000000044],[109.37424400000003,22.636377000000039],[109.37112300000007,22.630405000000053],[109.36832200000003,22.626998000000071],[109.36707300000006,22.626724000000024],[109.35968300000008,22.62819200000007],[109.35366000000005,22.628652000000045],[109.35165200000006,22.628093000000035],[109.35099400000007,22.623820000000023],[109.34672500000005,22.625135000000057],[109.34309700000006,22.620456000000047],[109.33827200000007,22.617924000000073],[109.33714100000009,22.614648000000045],[109.33150600000005,22.609410000000025],[109.32463900000005,22.607831000000033],[109.32414900000003,22.601245000000063],[109.32155100000006,22.596828000000073],[109.30999300000008,22.587150000000065],[109.30685500000004,22.586218000000031],[109.30456000000004,22.577658000000042],[109.30283900000006,22.575400000000059],[109.30012300000004,22.574490000000026],[109.29438600000009,22.571136000000024],[109.29202400000008,22.56786900000003],[109.28976300000005,22.559603000000038],[109.29121400000008,22.55599600000005],[109.29280000000006,22.554823000000056],[109.29276600000009,22.548442000000023],[109.29524600000008,22.546710000000076],[109.29224300000004,22.543234000000041],[109.29227700000007,22.541634000000045],[109.29544900000008,22.539825000000064],[109.29848600000008,22.540439000000049],[109.30283900000006,22.537500000000023],[109.30504900000005,22.533213000000046],[109.30720900000006,22.531491000000074],[109.31380600000006,22.529715000000067],[109.31735000000003,22.525581000000045],[109.32134800000006,22.522532000000069],[109.31792300000006,22.514988000000073],[109.31706300000008,22.51111700000007],[109.30999300000008,22.507947000000058],[109.30403700000005,22.507344000000046],[109.30204600000008,22.509625000000028],[109.29850300000004,22.50995400000005],[109.29141600000008,22.50527100000005],[109.28463300000004,22.498515000000054],[109.27825500000006,22.495565000000056],[109.27258600000005,22.489861000000076],[109.26555000000008,22.484585000000038],[109.26237800000007,22.485715000000027],[109.26364400000006,22.494863000000066],[109.26064000000008,22.496958000000063],[109.25539300000008,22.504339000000073],[109.25352000000004,22.507826000000023],[109.25017900000006,22.509910000000048],[109.24165900000008,22.510206000000039],[109.23708600000003,22.509088000000077],[109.23209200000008,22.503823000000068],[109.22871700000007,22.506412000000068],[109.22912200000007,22.510853000000054],[109.22794100000004,22.51436300000006],[109.23057300000005,22.516962000000035],[109.22962800000005,22.520416000000068],[109.22488700000008,22.516523000000063],[109.22264300000006,22.513825000000054],[109.22115800000006,22.513880000000029],[109.21604600000006,22.520295000000033],[109.21415600000006,22.517346000000032],[109.20909400000005,22.516797000000054],[109.20548400000007,22.517653000000053],[109.20200800000003,22.512915000000078],[109.19824500000004,22.512082000000078],[109.19819500000006,22.516062000000034],[109.19038200000006,22.513814000000025],[109.19078700000006,22.517214000000024],[109.18689000000006,22.517927000000043],[109.18267200000008,22.517455000000041],[109.18378500000006,22.520975000000078],[109.18764900000008,22.521644000000038],[109.19228900000007,22.52720400000004],[109.19740200000007,22.531634000000054],[109.19753600000007,22.538333000000023],[109.19186700000006,22.54412300000007],[109.18818900000008,22.546107000000063],[109.18579300000005,22.546085000000062],[109.18171000000007,22.542960000000051],[109.17944900000003,22.542094000000077],[109.17504500000007,22.546403000000055],[109.17170400000003,22.547105000000045],[109.17187300000006,22.544144000000074],[109.16719900000004,22.543465000000026],[109.16546100000005,22.545888000000048],[109.16375700000003,22.553420000000074],[109.16249200000004,22.553836000000047],[109.15739600000006,22.550383000000068],[109.15324600000008,22.544715000000053],[109.15279000000004,22.540866000000051],[109.15381900000006,22.536853000000065],[109.15633300000007,22.535702000000072],[109.15974200000005,22.537336000000039],[109.16304900000006,22.537796000000071],[109.16455000000008,22.536217000000079],[109.16536000000008,22.530285000000049],[109.16854900000004,22.527116000000035],[109.17330700000008,22.526370000000043],[109.17340900000005,22.520076000000074],[109.16849900000005,22.518826000000047],[109.16148000000004,22.518014000000051],[109.15523700000006,22.516008000000056],[109.15203100000008,22.515832000000046],[109.14513000000005,22.511259000000052],[109.14221100000009,22.511500000000069],[109.13871800000004,22.51463700000005],[109.13640700000008,22.513617000000067],[109.13455100000004,22.516370000000052],[109.13014700000008,22.517028000000039],[109.12657000000007,22.51663300000007],[109.12267200000008,22.514527000000044],[109.12041100000005,22.514428000000066],[109.11749200000008,22.516326000000049],[109.11319000000009,22.513091000000031],[109.09628300000008,22.510667000000069],[109.08870800000005,22.512805000000071],[109.08475900000008,22.516370000000052],[109.08074400000004,22.52196200000003],[109.07920800000005,22.522258000000022],[109.07649200000009,22.517751000000032],[109.06999600000006,22.520460000000071],[109.06324700000005,22.520526000000075],[109.05715600000008,22.519583000000068],[109.05383200000006,22.521085000000028],[109.04824700000006,22.518409000000077],[109.04583400000007,22.518398000000047],[109.04470400000008,22.513123000000064],[109.04637400000007,22.511753000000056],[109.04359000000005,22.50814500000007],[109.04127800000003,22.507289000000071],[109.03574400000008,22.507739000000072],[109.03437800000006,22.506664000000058],[109.03115500000007,22.507355000000075],[109.03036200000008,22.509318000000064],[109.02654900000005,22.508353000000056],[109.02364600000004,22.510437000000024],[109.01465300000007,22.510360000000048],[109.01127900000006,22.511654000000078],[109.00868000000008,22.514231000000052],[109.00932200000005,22.524353000000076],[109.00869700000004,22.528147000000047],[109.00604800000008,22.529397000000074],[109.00540700000005,22.527950000000033],[109.00154300000008,22.527928000000031],[108.99800000000005,22.531952000000047],[108.99680200000006,22.537248000000034],[108.99558700000006,22.538816000000054],[108.99145300000004,22.53986800000007],[108.98752200000007,22.539101000000073],[108.98333800000006,22.542335000000037],[108.97987900000004,22.543344000000047],[108.97795500000007,22.542566000000022],[108.97800600000005,22.538564000000065],[108.97480000000007,22.532730000000072],[108.96995800000008,22.533344000000056],[108.96756200000004,22.530186000000072],[108.96808500000009,22.526272000000063],[108.96525000000008,22.524419000000023],[108.96304000000003,22.518431000000078],[108.95732000000004,22.51770700000003],[108.95035100000007,22.521831000000077],[108.94804000000005,22.524671000000069],[108.94594800000004,22.525438000000065],[108.93901300000005,22.522916000000066],[108.93735900000007,22.525406000000032],[108.93143700000007,22.524484000000029],[108.92602100000005,22.518464000000051],[108.92020000000008,22.51575500000007],[108.91859700000003,22.512268000000063],[108.91444600000005,22.515777000000071],[108.90925000000004,22.515920000000051],[108.90513300000003,22.512520000000052],[108.90243300000009,22.511467000000039],[108.89639300000005,22.510853000000054],[108.88088700000009,22.511193000000048],[108.87560500000006,22.512444000000073],[108.87310800000006,22.512180000000058],[108.87079700000004,22.515262000000064],[108.87234900000004,22.518497000000025],[108.87094900000005,22.519429000000059],[108.86455400000006,22.520624000000055],[108.85780500000004,22.524364000000048],[108.85578000000004,22.526919000000078],[108.85694400000006,22.528607000000022],[108.85554400000007,22.530910000000063],[108.85279400000007,22.531349000000034],[108.84658400000006,22.53948500000007],[108.84358100000009,22.539934000000073],[108.84219700000006,22.541623000000072],[108.83747300000005,22.538969000000066],[108.83548200000007,22.53481400000004],[108.83072400000009,22.535307000000046],[108.82724800000005,22.530022000000031],[108.82260800000006,22.531239000000028],[108.82075200000008,22.533849000000032],[108.81508300000007,22.529561000000058],[108.81511700000004,22.527982000000065],[108.81154000000004,22.524144000000035],[108.80740600000007,22.52322300000003],[108.80261400000006,22.52549300000004],[108.79724900000008,22.52622800000006],[108.79141100000004,22.526085000000023],[108.78808700000008,22.525077000000067],[108.78445900000008,22.527335000000051],[108.78273800000005,22.527171000000067],[108.78007200000008,22.523212000000058],[108.78268700000007,22.520910000000072],[108.77894200000009,22.515657000000033],[108.77566800000005,22.51390200000003],[108.77659600000004,22.510360000000048],[108.77506100000005,22.51009700000003],[108.77133200000009,22.512849000000074],[108.76952700000004,22.512257000000034],[108.76731600000005,22.507037000000025],[108.76029700000004,22.504756000000043],[108.75643400000007,22.504778000000044],[108.75510100000008,22.507629000000065],[108.74642800000004,22.507662000000039],[108.74629300000004,22.50583000000006],[108.74911100000008,22.504679000000067],[108.74631000000005,22.494643000000053],[108.74347500000005,22.497462000000041],[108.74065800000005,22.494380000000035],[108.73974600000008,22.489763000000039],[108.73395900000008,22.486384000000044],[108.73090500000006,22.486768000000041],[108.72709200000008,22.488424000000066],[108.72656900000004,22.48649400000005],[108.72356600000006,22.488315000000057],[108.72100100000006,22.486669000000063],[108.71960000000007,22.48946600000005],[108.71366100000006,22.48863300000005],[108.71062400000005,22.484542000000033],[108.71283400000004,22.482457000000068],[108.71226100000007,22.478136000000063],[108.71546700000005,22.468888000000049],[108.71615800000006,22.460913000000062],[108.71917900000005,22.457654000000048],[108.72162500000007,22.456239000000039],[108.72091700000004,22.450918000000058],[108.71281800000008,22.451927000000069],[108.71156900000005,22.452772000000039],[108.70760400000006,22.452202000000057],[108.70767100000006,22.448800000000062],[108.70321700000005,22.447561000000064],[108.69985900000006,22.450161000000037],[108.69911700000006,22.453310000000045]]]},"properties":{"OBJECTID":3,"adcode":450721,"name":"灵山县","center":"[109.293468,22.418041]","centroid":"[109.140685,22.310073]","childrenNum":0,"level":"district","parent":"{\"adcode\":450700}","subFeatureIndex":2,"acroutes":"[100000,450000,450700]","Shape_Length":4.3197011953076547,"Shape_Area":0.31141985136250183}},{"type":"Feature","id":4,"geometry":{"type":"Polygon","coordinates":[[[109.29796300000004,21.908819000000051],[109.29668000000004,21.904149000000075],[109.29963300000009,21.898719000000028],[109.30101700000006,21.897859000000039],[109.30489700000004,21.899082000000078],[109.30351400000006,21.901241000000027],[109.30078100000009,21.902375000000063],[109.30329500000005,21.905614000000071],[109.31033000000008,21.903752000000054],[109.31252400000005,21.901153000000022],[109.31244000000004,21.893861000000072],[109.31151200000005,21.891867000000047],[109.30677000000009,21.889147000000037],[109.30668600000007,21.887670000000071],[109.30904800000008,21.88472900000005],[109.31233800000007,21.884575000000041],[109.31368800000007,21.887252000000046],[109.31792300000006,21.887803000000076],[109.31787300000008,21.892341000000044],[109.32064000000008,21.892473000000052],[109.32224300000007,21.890821000000074],[109.32143300000007,21.887549000000035],[109.32563400000004,21.890656000000035],[109.32674800000007,21.895612000000028],[109.32543200000003,21.89895000000007],[109.33265300000005,21.903962000000035],[109.33305800000005,21.907167000000072],[109.33997600000004,21.908400000000029],[109.34340100000009,21.905570000000068],[109.34740000000005,21.905283000000054],[109.34748400000007,21.90215500000005],[109.35121300000009,21.899357000000066],[109.35382800000008,21.898620000000051],[109.35627500000004,21.896306000000038],[109.35953100000006,21.895601000000056],[109.36062800000008,21.892649000000063],[109.36327700000004,21.891900000000078],[109.36380000000008,21.893685000000062],[109.36758000000009,21.896780000000035],[109.37365400000004,21.898102000000051],[109.37905300000006,21.896229000000062],[109.38614000000007,21.894919000000073],[109.38679800000006,21.893244000000038],[109.38445200000007,21.890468000000055],[109.38517800000005,21.889609000000064],[109.38980100000003,21.889918000000023],[109.38986800000004,21.893178000000034],[109.39162300000004,21.902761000000055],[109.39088100000004,21.907354000000055],[109.39334400000007,21.909920000000056],[109.39815300000004,21.910041000000035],[109.40645400000005,21.907365000000027],[109.41344000000004,21.906539000000066],[109.41431700000004,21.904677000000049],[109.41853500000008,21.906098000000043],[109.41900800000008,21.911066000000062],[109.42219600000004,21.91134100000005],[109.42418700000007,21.912905000000023],[109.42666800000006,21.91833500000007],[109.42881100000005,21.919039000000055],[109.43505300000004,21.917993000000024],[109.44242700000007,21.914744000000042],[109.44315200000005,21.910900000000026],[109.44215700000007,21.907012000000066],[109.44468800000004,21.895998000000077],[109.44919300000004,21.894687000000033],[109.45069400000006,21.892352000000074],[109.45361300000008,21.891570000000058],[109.45702200000005,21.887968000000058],[109.46149300000008,21.885622000000069],[109.46839400000005,21.885875000000055],[109.47149900000005,21.888442000000055],[109.47325300000006,21.892077000000029],[109.47333800000007,21.900547000000074],[109.47792700000008,21.902739000000054],[109.48363000000006,21.90128500000003],[109.48489500000005,21.899633000000051],[109.48604300000005,21.890832000000046],[109.48788200000007,21.885864000000026],[109.49387200000007,21.880841000000032],[109.50058700000005,21.879067000000077],[109.50541300000003,21.880786000000057],[109.50564900000006,21.878395000000069],[109.50875300000007,21.875762000000066],[109.51084600000007,21.876225000000034],[109.51253300000008,21.874892000000045],[109.51803300000006,21.873944000000051],[109.51914700000009,21.871620000000064],[109.52080100000006,21.874088000000029],[109.52368600000005,21.873118000000034],[109.52481600000004,21.876831000000038],[109.52854500000007,21.881645000000049],[109.52977700000008,21.885919000000058],[109.52787000000006,21.888827000000049],[109.52992900000004,21.889532000000031],[109.53375900000009,21.889080000000035],[109.53615500000006,21.893244000000038],[109.53534500000006,21.895293000000038],[109.53817900000007,21.897055000000023],[109.53844900000007,21.900073000000077],[109.54028800000009,21.902056000000073],[109.54229600000008,21.898785000000032],[109.54558700000007,21.898322000000064],[109.54648100000009,21.896934000000044],[109.54901200000006,21.896934000000044],[109.54958500000004,21.894687000000033],[109.55269000000004,21.897981000000073],[109.55608100000006,21.896791000000064],[109.55886500000008,21.893883000000073],[109.56480500000004,21.896494000000075],[109.56682900000004,21.894346000000041],[109.57231300000007,21.89654900000005],[109.57675000000006,21.89738600000004],[109.57766200000009,21.900184000000024],[109.58009100000004,21.90253000000007],[109.58228500000007,21.903113000000076],[109.58242000000007,21.904953000000035],[109.58574400000003,21.906990000000064],[109.58415800000006,21.909083000000066],[109.57999000000007,21.909513000000061],[109.58017600000005,21.91200200000003],[109.58727900000008,21.910669000000041],[109.59421400000008,21.913356000000078],[109.59514200000007,21.911605000000066],[109.59903900000006,21.911539000000062],[109.59939400000007,21.908632000000068],[109.60573800000009,21.908015000000034],[109.60869000000008,21.914171000000067],[109.60794800000008,21.916374000000076],[109.60847100000007,21.921066000000053],[109.60688500000003,21.923995000000048],[109.60712100000006,21.928433000000041],[109.60416900000007,21.930867000000035],[109.60195800000008,21.926969000000042],[109.60165400000005,21.924094000000025],[109.59477000000004,21.918764000000067],[109.59547900000007,21.925768000000062],[109.59529300000008,21.933917000000065],[109.59876900000006,21.937463000000037],[109.60049000000004,21.940447000000063],[109.59978200000006,21.945678000000044],[109.59706500000004,21.947869000000026],[109.58753200000007,21.950346000000025],[109.57616000000007,21.959540000000061],[109.57624400000009,21.963338000000078],[109.57459100000005,21.966729000000043],[109.57430400000004,21.970583000000033],[109.58046200000007,21.970065000000034],[109.59343700000005,21.961896000000024],[109.59333600000008,21.963658000000066],[109.59969700000005,21.964781000000073],[109.60192400000005,21.968458000000055],[109.60018700000006,21.976946000000055],[109.59795900000006,21.984519000000034],[109.59571500000004,22.003551000000073],[109.59448400000008,22.011355000000037],[109.59051900000009,22.023736000000042],[109.58510200000006,22.032000000000039],[109.57941600000004,22.038647000000026],[109.57595700000007,22.048517000000061],[109.57693600000005,22.053105000000073],[109.57939900000008,22.059069000000022],[109.57619400000004,22.065494000000058],[109.56902300000007,22.070312000000058],[109.56409600000006,22.072612000000049],[109.55571000000003,22.081104000000039],[109.55225100000007,22.089366000000041],[109.55027700000005,22.098770000000059],[109.54977100000008,22.108867000000032],[109.54999000000004,22.121262000000058],[109.55122200000005,22.128366000000028],[109.55290900000006,22.142595000000028],[109.55857800000007,22.165530000000047],[109.56374200000005,22.17608400000006],[109.56964700000009,22.184109000000035],[109.57408500000008,22.188242000000059],[109.58098500000006,22.19351800000004],[109.58911800000004,22.203378000000043],[109.58986000000004,22.210489000000052],[109.58763300000004,22.220127000000048],[109.58692500000006,22.221501000000046],[109.57823500000006,22.231600000000071],[109.57675000000006,22.240094000000056],[109.57847100000004,22.249269000000027],[109.58191300000004,22.260970000000043],[109.58486600000003,22.268770000000075],[109.58807200000007,22.27886600000005],[109.59325200000006,22.289883000000032],[109.59941000000003,22.296539000000053],[109.60806600000006,22.302745000000073],[109.61837500000007,22.306732000000068],[109.62149700000003,22.309423000000038],[109.62655900000004,22.308511000000067],[109.63292000000007,22.314288000000033],[109.64189600000009,22.318165000000079],[109.64820600000007,22.317605000000071],[109.65544500000004,22.31337700000006],[109.66190700000004,22.308467000000064],[109.66624300000007,22.30284400000005],[109.66971900000004,22.301054000000079],[109.67192900000003,22.298286000000076],[109.67422400000004,22.297188000000062],[109.67982600000005,22.300186000000053],[109.67469600000004,22.308588000000043],[109.66880800000007,22.314178000000027],[109.66232900000006,22.318187000000023],[109.66415100000006,22.325907000000029],[109.66769400000004,22.329706000000044],[109.67059600000005,22.335109000000045],[109.66717100000005,22.338414000000057],[109.66816700000004,22.339523000000042],[109.67441000000008,22.339874000000066],[109.67655200000007,22.336789000000067],[109.68328500000007,22.332111000000054],[109.68542700000006,22.331507000000045],[109.68709800000005,22.333352000000048],[109.68492100000009,22.335592000000076],[109.68655800000005,22.342038000000059],[109.68536000000006,22.344190000000026],[109.68755300000004,22.346078000000034],[109.69489300000004,22.345046000000025],[109.69668200000007,22.34368500000005],[109.69971900000007,22.346506000000034],[109.70307600000007,22.347044000000039],[109.70403800000008,22.348384000000067],[109.70304300000004,22.351788000000056],[109.70542200000006,22.35537800000003],[109.71001100000007,22.358298000000048],[109.71313200000009,22.357958000000053],[109.71893700000004,22.355005000000062],[109.72394800000006,22.35463100000004],[109.72809800000005,22.357189000000062],[109.72676600000005,22.36222900000007],[109.72889200000009,22.367224000000078],[109.72706900000009,22.36956200000003],[109.72715400000004,22.374206000000072],[109.72929600000003,22.377971000000059],[109.73179400000004,22.380298000000039],[109.73359900000008,22.380463000000077],[109.73565700000006,22.377488000000028],[109.73753000000005,22.372833000000071],[109.73987600000004,22.36911200000003],[109.74537600000008,22.36752000000007],[109.74824400000006,22.363480000000038],[109.74495400000006,22.361844000000076],[109.74244000000004,22.356959000000074],[109.74338500000005,22.352765000000034],[109.74730000000005,22.349416000000076],[109.75209100000006,22.349131000000057],[109.75679900000006,22.347143000000074],[109.76047700000004,22.343059000000039],[109.76280600000007,22.337832000000049],[109.76520200000004,22.335834000000034],[109.76869400000004,22.335098000000073],[109.77783900000009,22.33417600000007],[109.78698400000007,22.329113000000063],[109.79611200000005,22.320614000000035],[109.80524000000008,22.313256000000024],[109.81511100000006,22.309555000000046],[109.83016100000009,22.312278000000049],[109.84053800000004,22.317297000000053],[109.84521200000006,22.324402000000077],[109.84546500000005,22.335186000000078],[109.84473900000006,22.347582000000045],[109.84673000000004,22.356750000000034],[109.85044200000004,22.363173000000074],[109.85364800000008,22.365456000000052],[109.85882800000007,22.371187000000077],[109.85958700000003,22.377598000000035],[109.85737700000004,22.384952000000055],[109.84971700000006,22.392317000000048],[109.84676400000006,22.396675000000073],[109.84185400000007,22.410229000000072],[109.83665700000006,22.418054000000041],[109.82877800000006,22.424496000000033],[109.81371100000007,22.432100000000048],[109.81074100000006,22.44083500000005],[109.81296800000007,22.446332000000041],[109.81890700000008,22.453661000000068],[109.82531900000004,22.458696000000032],[109.83812500000005,22.471093000000053],[109.83432900000008,22.471762000000069],[109.83620200000007,22.477730000000065],[109.84165200000007,22.476874000000066],[109.84376100000009,22.478607000000068],[109.84391300000004,22.482348000000059],[109.84646000000004,22.483401000000072],[109.84688200000005,22.486329000000069],[109.84900800000008,22.490530000000035],[109.85116800000009,22.490421000000026],[109.85331100000008,22.491956000000073],[109.85734300000007,22.497693000000027],[109.85557200000005,22.503615000000025],[109.85756300000008,22.506346000000065],[109.86218600000007,22.507070000000056],[109.86633700000004,22.505984000000069],[109.86858100000006,22.508254000000022],[109.86814200000003,22.510590000000036],[109.86908700000004,22.51408900000007],[109.87090900000004,22.515536000000054],[109.86947500000008,22.517082000000073],[109.86763600000006,22.515920000000051],[109.86348500000008,22.517236000000025],[109.86141000000003,22.52001000000007],[109.86081900000005,22.522807000000057],[109.86328300000008,22.523991000000024],[109.86422700000008,22.527160000000038],[109.86323200000004,22.529145000000028],[109.85909800000007,22.532906000000025],[109.85758000000004,22.537818000000073],[109.85585900000007,22.538465000000031],[109.85513300000008,22.540866000000051],[109.85653300000007,22.543015000000025],[109.85376600000006,22.546600000000069],[109.85552100000007,22.546940000000063],[109.85574000000008,22.549298000000078],[109.85855800000007,22.554922000000033],[109.85444100000007,22.557882000000063],[109.85428900000005,22.559800000000052],[109.84774300000004,22.560984000000076],[109.84492500000005,22.563319000000035],[109.84438500000005,22.569404000000077],[109.84217500000005,22.569513000000029],[109.84006600000004,22.572002000000055],[109.83282700000007,22.572539000000063],[109.82111800000007,22.575663000000077],[109.81953200000004,22.579368000000045],[109.81683200000003,22.580321000000026],[109.81118000000004,22.579532000000029],[109.80567900000005,22.581911000000048],[109.79754700000007,22.582470000000058],[109.79562300000003,22.584684000000038],[109.79343000000006,22.584618000000034],[109.78959900000007,22.581637000000057],[109.78819900000008,22.58501300000006],[109.78536400000007,22.585824000000059],[109.78347500000007,22.585002000000031],[109.77729900000008,22.586953000000051],[109.77645600000005,22.588290000000029],[109.77470100000005,22.586635000000058],[109.77416100000005,22.583993000000078],[109.77218700000009,22.582722000000047],[109.76955500000008,22.582832000000053],[109.76638300000008,22.584311000000071],[109.76278900000005,22.584059000000025],[109.76415500000007,22.578688000000056],[109.76243400000004,22.574402000000077],[109.76447600000006,22.574742000000072],[109.76417200000009,22.567803000000026],[109.76191100000005,22.564920000000029],[109.76273800000007,22.560316000000057],[109.76481300000006,22.559186000000068],[109.76191100000005,22.557191000000046],[109.75723800000009,22.558836000000042],[109.75631000000004,22.561664000000064],[109.75330600000007,22.564416000000051],[109.75060700000006,22.563308000000063],[109.75070800000009,22.561971000000028],[109.74768800000004,22.560919000000069],[109.74652300000008,22.558200000000056],[109.74237300000004,22.555678000000057],[109.73631600000004,22.556468000000052],[109.73354800000004,22.555645000000027],[109.73105100000004,22.557147000000043],[109.72835200000009,22.560305000000028],[109.72631000000007,22.561401000000046],[109.72381300000006,22.55854000000005],[109.72113000000007,22.560305000000028],[109.71917300000007,22.55919700000004],[109.71790700000008,22.560743000000059],[109.72192300000006,22.567748000000051],[109.72205800000006,22.570346000000029],[109.72000000000008,22.572418000000027],[109.72161900000003,22.575411000000031],[109.72001600000004,22.576035000000047],[109.72065800000007,22.578151000000048],[109.71711400000004,22.581429000000071],[109.71441500000009,22.581856000000073],[109.71476900000005,22.583621000000051],[109.70781800000009,22.589353000000074],[109.69045600000004,22.596664000000033],[109.67729500000007,22.603974000000051],[109.67106900000005,22.610385000000065],[109.66612500000008,22.617497000000071],[109.66288600000007,22.625288000000069],[109.66114800000008,22.639291000000071],[109.65979800000008,22.660096000000067],[109.66224400000004,22.662397000000055],[109.65574800000007,22.66545300000007],[109.65161500000005,22.668038000000024],[109.64668800000004,22.664708000000076],[109.64851000000004,22.662156000000039],[109.64658600000007,22.659428000000048],[109.64378600000003,22.659877000000051],[109.64142300000009,22.658749000000057],[109.63504600000005,22.658552000000043],[109.62947800000006,22.656503000000043],[109.62579900000009,22.652756000000068],[109.62443300000007,22.653370000000052],[109.62320100000005,22.657664000000068],[109.61903300000006,22.662276000000077],[109.61400500000008,22.66286800000006],[109.61292500000008,22.665223000000026],[109.61437700000005,22.669966000000045],[109.60759400000006,22.674173000000053],[109.60450600000007,22.673472000000061],[109.60060800000008,22.677218000000039],[109.59664300000009,22.679200000000037],[109.59394400000008,22.677963000000034],[109.58412400000009,22.681271000000038],[109.58157600000004,22.680690000000027],[109.58125500000006,22.678872000000069],[109.57698700000009,22.676593000000025],[109.57740800000005,22.672212000000059],[109.57249800000005,22.669375000000059],[109.56880300000006,22.665190000000052],[109.56932600000005,22.659713000000067],[109.56844900000004,22.657379000000049],[109.56460200000004,22.655879000000027],[109.56180100000006,22.657818000000077],[109.55635100000006,22.659461000000078],[109.55458000000004,22.652658000000031],[109.55102000000005,22.651770000000056],[109.54886000000005,22.649853000000064],[109.54476000000005,22.650204000000031],[109.53895600000004,22.649316000000056],[109.53431600000005,22.647706000000028],[109.53114300000004,22.645383000000038],[109.52650300000005,22.64391500000005],[109.52183000000008,22.641516000000024],[109.51948400000003,22.641757000000041],[109.51789800000006,22.638316000000032],[109.51796600000006,22.635533000000066],[109.52002400000003,22.634065000000078],[109.52056400000004,22.631128000000047],[109.51875900000005,22.626220000000046],[109.51862400000005,22.623283000000072],[109.51715600000006,22.618111000000056],[109.51558700000004,22.617234000000053],[109.51386600000006,22.612347000000057],[109.51516500000008,22.607864000000063],[109.51307300000008,22.605234000000053],[109.50958000000008,22.607371000000057],[109.50343900000007,22.609037000000058],[109.49933800000008,22.608774000000039],[109.50257800000009,22.602659000000074],[109.50320200000004,22.599919000000057],[109.50603700000005,22.597365000000025],[109.50791000000004,22.597223000000042],[109.51550200000008,22.593968000000075],[109.51881000000009,22.591732000000036],[109.51951800000006,22.590142000000071],[109.52528900000004,22.584070000000054],[109.52928700000007,22.583160000000078],[109.53689700000007,22.582349000000022],[109.54233000000005,22.582930000000033],[109.54946700000005,22.579214000000036],[109.55473200000006,22.572067000000061],[109.55336500000004,22.569864000000052],[109.55014200000005,22.571289000000036],[109.54840400000006,22.566268000000036],[109.54638000000006,22.563067000000046],[109.55086800000004,22.559833000000026],[109.55366900000007,22.560941000000071],[109.55916900000005,22.560995000000048],[109.56529400000005,22.558967000000052],[109.56760500000007,22.556665000000066],[109.56601900000004,22.554659000000072],[109.56728500000008,22.551764000000048],[109.57529900000009,22.551337000000046],[109.57656500000007,22.549309000000051],[109.57443900000004,22.545296000000064],[109.56475400000005,22.539890000000071],[109.55999600000007,22.538026000000059],[109.54985500000004,22.533015000000034],[109.54599100000007,22.527390000000025],[109.54433800000004,22.521469000000025],[109.54170600000003,22.518903000000023],[109.53111000000007,22.504460000000051],[109.51953500000008,22.48635100000007],[109.51189200000005,22.475810000000024],[109.50276400000007,22.465729000000067],[109.49044700000007,22.454045000000065],[109.48649800000004,22.448778000000061],[109.48282000000006,22.445575000000076],[109.47812900000008,22.433187000000032],[109.48209500000007,22.421259000000077],[109.48875900000007,22.411832000000061],[109.48977200000007,22.402426000000048],[109.48509800000005,22.389354000000026],[109.48214500000006,22.382483000000036],[109.47598700000009,22.380880000000047],[109.46387200000004,22.393283000000054],[109.45472700000005,22.397421000000065],[109.44807900000006,22.39075900000006],[109.44686400000006,22.379980000000046],[109.44735400000008,22.375852000000066],[109.44762400000008,22.365983000000028],[109.44318600000008,22.36025200000006],[109.43777000000006,22.356575000000078],[109.42862500000007,22.355202000000077],[109.41824800000006,22.35403800000006],[109.40761800000007,22.350349000000051],[109.39898000000005,22.340467000000046],[109.39827100000008,22.334472000000062],[109.40134200000006,22.330343000000028],[109.40162900000007,22.326610000000073],[109.40026200000005,22.323403000000042],[109.39719100000008,22.322118000000046],[109.39413700000006,22.319537000000025],[109.39086400000008,22.313475000000039],[109.38767500000006,22.310203000000058],[109.38943000000006,22.308896000000061],[109.39339500000006,22.311081000000058],[109.39469400000007,22.310137000000054],[109.39118400000007,22.301899000000049],[109.38426700000008,22.299428000000034],[109.38141500000006,22.301460000000077],[109.37972800000006,22.301120000000026],[109.37652200000008,22.293980000000033],[109.36867600000005,22.289059000000066],[109.36440700000009,22.294562000000042],[109.35919400000006,22.289675000000045],[109.35857000000004,22.285863000000063],[109.35146600000007,22.281689000000028],[109.34586400000006,22.279272000000049],[109.33958800000005,22.27307600000006],[109.34039800000005,22.271593000000053],[109.34746700000005,22.269034000000033],[109.34881700000005,22.262013000000024],[109.34527400000007,22.257036000000028],[109.33857500000005,22.258641000000068],[109.33243400000003,22.255059000000074],[109.33223100000004,22.252927000000057],[109.33538600000009,22.249686000000054],[109.33177600000005,22.243808000000058],[109.32544800000005,22.243061000000068],[109.32242800000006,22.239896000000044],[109.31694500000003,22.239270000000033],[109.31731600000006,22.234028000000023],[109.32607300000006,22.232732000000055],[109.32605600000005,22.231270000000052],[109.32322100000005,22.229809000000046],[109.31910400000004,22.229292000000044],[109.31618500000008,22.227457000000072],[109.31159600000007,22.22725900000006],[109.30731000000009,22.229050000000029],[109.30400300000008,22.224896000000058],[109.30310900000006,22.222479000000078],[109.30639900000006,22.216434000000049],[109.31127500000008,22.216775000000041],[109.31134300000008,22.223435000000052],[109.31409300000007,22.223325000000045],[109.31324900000004,22.215940000000046],[109.30776600000007,22.209840000000042],[109.30395300000004,22.213093000000072],[109.30064600000009,22.212522000000035],[109.29863800000004,22.207818000000032],[109.29301900000007,22.20223500000003],[109.28625300000004,22.201399000000038],[109.28026300000005,22.194376000000034],[109.27606200000008,22.192463000000032],[109.27888000000007,22.188407000000041],[109.27565700000008,22.186857000000032],[109.27177600000005,22.188891000000069],[109.26474000000007,22.187802000000033],[109.26340800000008,22.186022000000037],[109.26325600000007,22.177206000000069],[109.26517900000005,22.16875200000004],[109.26993700000008,22.167498000000023],[109.26956600000005,22.164475000000039],[109.26735600000006,22.16199000000006],[109.26248000000004,22.162199000000044],[109.25488700000005,22.157197000000053],[109.24950400000006,22.157823000000064],[109.24810400000007,22.159890000000075],[109.24012300000004,22.157109000000048],[109.23914500000006,22.155954000000065],[109.23673200000007,22.14881900000006],[109.24017400000008,22.147180000000048],[109.24538700000005,22.149203000000057],[109.25443100000007,22.139945000000068],[109.25638800000007,22.136492000000032],[109.25630400000006,22.128223000000048],[109.25922300000008,22.122922000000074],[109.27424000000008,22.115928000000054],[109.27882900000009,22.105326000000048],[109.27801900000009,22.095690000000047],[109.27989200000007,22.085571000000073],[109.27962200000007,22.08304000000004],[109.27466200000003,22.077518000000055],[109.27795200000008,22.075780000000066],[109.27854200000007,22.07421800000003],[109.27533700000004,22.06889300000006],[109.27181000000007,22.067958000000033],[109.27184400000004,22.064647000000036],[109.27437500000008,22.062369000000047],[109.27457700000008,22.060587000000055],[109.27270400000003,22.055922000000066],[109.27552200000008,22.05288500000006],[109.27165800000006,22.051521000000037],[109.26968400000004,22.04913300000004],[109.27142200000009,22.045348000000047],[109.26685000000003,22.046327000000076],[109.26548300000007,22.045106000000033],[109.26642800000008,22.040473000000077],[109.26443700000004,22.036963000000071],[109.26067400000005,22.036160000000052],[109.26161900000005,22.032407000000035],[109.26674800000006,22.025717000000043],[109.26742300000006,22.01927900000004],[109.26512900000006,22.011024000000077],[109.27663600000005,21.999468000000036],[109.27702400000004,21.988207000000045],[109.27574100000004,21.983859000000052],[109.27049400000004,21.975162000000068],[109.27707400000008,21.967082000000062],[109.28190000000006,21.954420000000027],[109.28805900000003,21.950699000000043],[109.29099400000007,21.947693000000072],[109.29190500000004,21.944312000000025],[109.29598900000008,21.942209000000048],[109.29600600000003,21.939665000000048],[109.29848600000008,21.93939000000006],[109.29718700000006,21.935063000000071],[109.29917800000004,21.927057000000048],[109.30489700000004,21.926825000000065],[109.30533600000007,21.923940000000073],[109.30375000000004,21.92065800000006],[109.29755800000004,21.920636000000059],[109.29814800000008,21.917145000000062],[109.30243400000006,21.915515000000028],[109.30348000000004,21.914072000000033],[109.29959900000006,21.911396000000025],[109.29796300000004,21.908819000000051]]]},"properties":{"OBJECTID":4,"adcode":450722,"name":"浦北县","center":"[109.556341,22.268335]","centroid":"[109.535346,22.26465]","childrenNum":0,"level":"district","parent":"{\"adcode\":450700}","subFeatureIndex":3,"acroutes":"[100000,450000,450700]","Shape_Length":3.5848727535561444,"Shape_Area":0.22221758246049714}},{"type":"Feature","id":5,"geometry":{"type":"Polygon","coordinates":[[[108.33857400000005,21.541209000000038],[108.37153800000004,21.534737000000064],[108.39749700000004,21.53309900000005],[108.44084700000008,21.538633000000061],[108.45321900000005,21.539961000000062],[108.46557900000005,21.542449000000033],[108.47927800000008,21.54696400000006],[108.48718700000006,21.550957000000039],[108.49259700000005,21.554808000000037],[108.49548600000008,21.558482000000026],[108.49655700000005,21.561280000000068],[108.49644600000005,21.564573000000053],[108.49577700000003,21.568247000000042],[108.49597700000004,21.570186000000035],[108.49722700000007,21.571434000000067],[108.51989500000008,21.583030000000065],[108.52230400000008,21.585729000000072],[108.52337500000004,21.588340000000073],[108.52346400000005,21.590367000000072],[108.52423400000004,21.59229700000003],[108.52597400000008,21.594040000000064],[108.53128400000008,21.597793000000024],[108.53360500000008,21.600501000000065],[108.53485400000005,21.605192000000045],[108.53563500000007,21.611865000000023],[108.53644900000006,21.614900000000034],[108.53736400000008,21.616546000000028],[108.54128000000009,21.620599000000027],[108.54447000000005,21.623201000000051],[108.54879800000003,21.627360000000067],[108.55480000000006,21.633828000000051],[108.56795200000005,21.654399000000069],[108.58056900000008,21.667448000000036],[108.59168000000005,21.677223000000026],[108.59195900000009,21.680398000000025],[108.59240500000004,21.682035000000042],[108.59703500000006,21.691446000000042],[108.59681100000006,21.695320000000038],[108.59496000000007,21.698619000000065],[108.59141200000005,21.701316000000077],[108.58947100000006,21.701971000000071],[108.58797600000008,21.703191000000061],[108.58522100000005,21.707976000000031],[108.58167300000008,21.710859000000028],[108.57590600000009,21.713538000000028],[108.57222500000006,21.714122000000032],[108.56851000000006,21.715113000000031],[108.56548700000008,21.717544000000032],[108.56272000000007,21.71744700000005],[108.55945200000008,21.718836000000067],[108.55336100000005,21.722240000000056],[108.54459300000008,21.729270000000042],[108.54254000000009,21.729624000000058],[108.54023100000006,21.729465000000062],[108.53662800000006,21.727661000000069],[108.53328100000004,21.725043000000028],[108.53195400000004,21.723275000000058],[108.52826100000004,21.717491000000052],[108.52768100000009,21.716077000000041],[108.52459100000004,21.714732000000026],[108.52314100000007,21.714715000000069],[108.51932600000004,21.715511000000049],[108.51671500000003,21.716678000000059],[108.50696500000004,21.725733000000048],[108.50601700000004,21.727652000000035],[108.50467900000007,21.72950000000003],[108.50335100000007,21.730234000000053],[108.49666900000005,21.732250000000079],[108.48985300000004,21.735407000000066],[108.48669600000005,21.737493000000029],[108.48244600000004,21.739094000000023],[108.47986900000006,21.73867800000005],[108.47757100000007,21.737502000000063],[108.47526200000004,21.738245000000063],[108.47260700000004,21.738616000000036],[108.47177000000005,21.740588000000059],[108.46835600000009,21.741446000000053],[108.46718500000009,21.740668000000028],[108.46426200000008,21.74256900000006],[108.46421800000007,21.745248000000061],[108.46366000000006,21.746008000000074],[108.46202000000005,21.74637000000007],[108.45875200000006,21.746326000000067],[108.45752500000003,21.745920000000069],[108.45335200000005,21.743188000000032],[108.45172400000007,21.742781000000036],[108.44971600000008,21.74071200000003],[108.44689300000005,21.73825400000004],[108.44512000000009,21.738484000000028],[108.44516400000003,21.735920000000078],[108.44336800000008,21.735362000000066],[108.44223000000005,21.735752000000048],[108.43986500000005,21.734867000000065],[108.43858300000005,21.737334000000033],[108.43702100000007,21.736989000000051],[108.43665300000004,21.735557000000028],[108.43733300000008,21.732294000000024],[108.43842600000005,21.730924000000073],[108.43705400000005,21.729076000000077],[108.43791300000004,21.727130000000045],[108.43659700000006,21.727201000000036],[108.43462200000005,21.729465000000062],[108.43344000000008,21.729650000000049],[108.43220200000007,21.731887000000029],[108.43105300000008,21.732586000000026],[108.43022700000006,21.732100000000059],[108.42983700000008,21.730349000000047],[108.42827500000004,21.730764000000022],[108.42755000000005,21.728448000000071],[108.42773900000009,21.727068000000031],[108.42418100000003,21.726193000000023],[108.42308800000006,21.725609000000077],[108.41981900000007,21.725998000000061],[108.41956300000004,21.725353000000041],[108.41987500000005,21.721356000000071],[108.41957400000007,21.719764000000055],[108.41765500000008,21.720321000000069],[108.41874800000005,21.716864000000044],[108.42036600000006,21.715219000000047],[108.42125800000008,21.713512000000037],[108.42004200000008,21.712734000000069],[108.41956300000004,21.710620000000063],[108.42060000000004,21.709594000000038],[108.42034300000006,21.708206000000075],[108.41690800000003,21.708427000000029],[108.41658400000006,21.707100000000025],[108.41479900000007,21.705278000000078],[108.41244500000005,21.706066000000078],[108.41111800000004,21.707012000000077],[108.40992400000005,21.708604000000037],[108.40725800000007,21.708064000000036],[108.40365500000007,21.705880000000036],[108.40175800000009,21.706649000000027],[108.40084400000006,21.705234000000075],[108.40230500000007,21.703793000000076],[108.40145700000005,21.702360000000056],[108.40066500000006,21.702245000000062],[108.39801000000006,21.704368000000045],[108.39590200000004,21.704987000000074],[108.39393800000005,21.706295000000068],[108.39280100000008,21.706561000000022],[108.39144000000005,21.707879000000048],[108.39007900000007,21.709868000000029],[108.38820500000008,21.711080000000038],[108.38605200000006,21.711336000000074],[108.38435600000008,21.709798000000035],[108.38387600000004,21.712442000000067],[108.38192400000008,21.712513000000058],[108.37980500000003,21.710841000000073],[108.37891200000007,21.708232000000066],[108.37778500000007,21.707746000000043],[108.37660300000005,21.709771000000046],[108.37369100000006,21.711611000000062],[108.37065700000005,21.714856000000054],[108.37008800000007,21.714582000000064],[108.36982000000006,21.712566000000038],[108.36616100000003,21.71090300000003],[108.36632900000006,21.709594000000038],[108.36377400000003,21.706941000000029],[108.36428700000005,21.705455000000029],[108.36359600000009,21.705110000000047],[108.36130900000006,21.706791000000067],[108.36093000000005,21.710620000000063],[108.36210100000005,21.713432000000068],[108.36147600000004,21.713998000000061],[108.35966900000005,21.713202000000024],[108.35864300000009,21.712124000000074],[108.35591000000005,21.710532000000057],[108.35312100000004,21.710505000000069],[108.35172600000004,21.711310000000026],[108.35033200000004,21.710788000000036],[108.34949500000005,21.709267000000068],[108.34846900000008,21.711955000000046],[108.34787800000004,21.712177000000054],[108.34727500000008,21.709877000000063],[108.34642700000006,21.709134000000063],[108.34646100000003,21.70760400000006],[108.34517800000003,21.706357000000025],[108.34396200000003,21.706508000000042],[108.34353800000008,21.705694000000051],[108.34192100000007,21.70616300000006],[108.34195400000004,21.707711000000074],[108.34127400000006,21.709134000000063],[108.34061500000007,21.709108000000072],[108.33770400000009,21.705464000000063],[108.33555100000007,21.700529000000074],[108.33372100000008,21.697920000000067],[108.33344200000005,21.695169000000078],[108.33406700000006,21.693816000000027],[108.33791600000006,21.688500000000033],[108.34051500000004,21.685599000000025],[108.34470900000008,21.68248600000004],[108.34946200000007,21.679257000000064],[108.35171500000007,21.67839900000007],[108.35365600000006,21.677143000000058],[108.35547400000007,21.674799000000064],[108.35396900000006,21.672552000000053],[108.35369000000009,21.671473000000049],[108.35419200000007,21.664971000000037],[108.35373400000009,21.662060000000054],[108.34832400000005,21.648188000000061],[108.34434100000004,21.637518000000057],[108.34066000000007,21.626979000000063],[108.33811700000007,21.622696000000076],[108.33525000000009,21.619670000000042],[108.33229300000005,21.615918000000022],[108.32892500000008,21.602050000000077],[108.32892500000008,21.599970000000042],[108.33857400000005,21.541209000000038]]]},"properties":{"OBJECTID":5,"adcode":450602,"name":"港口区","center":"[108.346281,21.614406]","centroid":"[108.447897,21.63878]","childrenNum":0,"level":"district","parent":"{\"adcode\":450600}","subFeatureIndex":0,"acroutes":"[100000,450000,450600]","Shape_Length":0.91669453159281844,"Shape_Area":0.038289612506999367}},{"type":"Feature","id":6,"geometry":{"type":"Polygon","coordinates":[[[107.55832900000007,21.726087000000064],[107.55723500000005,21.724522000000036],[107.55509400000005,21.723399000000029],[107.54927000000004,21.722037000000057],[107.54391600000008,21.720525000000066],[107.54161800000008,21.719110000000057],[107.54098200000004,21.716828000000078],[107.54110500000007,21.713671000000033],[107.53926400000006,21.711398000000031],[107.53495800000007,21.708577000000048],[107.53080800000004,21.70547300000004],[107.52296600000005,21.69811500000003],[107.51956300000006,21.694135000000074],[107.51724300000006,21.689580000000035],[107.51523500000008,21.685139000000049],[107.50922200000008,21.681053000000077],[107.50690200000008,21.678638000000035],[107.50521800000007,21.678081000000077],[107.50092300000006,21.678134000000057],[107.49800000000005,21.676727000000028],[107.49754300000006,21.676020000000051],[107.49843500000009,21.674003000000027],[107.50254000000007,21.671959000000072],[107.50482700000003,21.670226000000071],[107.50603200000006,21.668784000000073],[107.50661200000008,21.665643000000046],[107.50614300000007,21.664228000000037],[107.50136900000007,21.660999000000061],[107.49690700000008,21.659619000000077],[107.49306900000005,21.657664000000068],[107.48922100000004,21.656708000000037],[107.48150100000004,21.65554000000003],[107.48668800000007,21.649453000000051],[107.48773700000004,21.64418900000004],[107.48925400000007,21.638358000000039],[107.48956600000008,21.63148300000006],[107.49015800000006,21.627147000000036],[107.49098300000009,21.625236000000029],[107.49371600000006,21.622280000000046],[107.49593600000009,21.620741000000066],[107.49908200000004,21.616900000000044],[107.50102300000009,21.613511000000074],[107.50065500000005,21.610290000000077],[107.49932800000005,21.60890900000004],[107.49785500000007,21.606484000000023],[107.49837900000006,21.605183000000068],[107.49788800000005,21.602873000000045],[107.49634900000007,21.601431000000048],[107.49486500000006,21.60125400000004],[107.49148500000007,21.598342000000059],[107.48768100000007,21.596669000000077],[107.48645400000004,21.595819000000063],[107.48957800000005,21.596173000000078],[107.49385000000007,21.595483000000058],[107.49595900000008,21.594288000000063],[107.49912700000004,21.593262000000038],[107.50160300000005,21.592907000000025],[107.50505000000004,21.592907000000025],[107.50843000000003,21.594421000000068],[107.51050500000008,21.594191000000023],[107.51625000000007,21.592695000000049],[107.52065700000009,21.590960000000052],[107.52294400000005,21.590801000000056],[107.52521900000005,21.588933000000054],[107.52747300000004,21.587659000000031],[107.53250400000007,21.587668000000065],[107.53495800000007,21.587942000000055],[107.53627400000005,21.588686000000052],[107.53676500000006,21.590111000000036],[107.54029000000008,21.591226000000063],[107.54167400000006,21.590907000000072],[107.54297900000006,21.588712000000044],[107.54438400000004,21.587491000000057],[107.54672700000003,21.586473000000069],[107.54734100000007,21.586721000000068],[107.54850100000004,21.588925000000074],[107.55020700000006,21.590677000000028],[107.55183600000004,21.59424400000006],[107.55194800000004,21.596324000000038],[107.55412300000006,21.59814700000004],[107.55463600000007,21.599891000000071],[107.55584100000004,21.601448000000062],[107.55806100000007,21.603555000000028],[107.55869700000005,21.604980000000069],[107.56038100000006,21.606351000000075],[107.56116200000008,21.607838000000072],[107.56391800000006,21.610263000000032],[107.57217300000008,21.609343000000024],[107.57415800000007,21.61075900000003],[107.57489400000009,21.612785000000031],[107.57638900000006,21.614263000000051],[107.57955700000008,21.615130000000022],[107.58258100000006,21.615139000000056],[107.58451000000008,21.614741000000038],[107.58631800000006,21.61303300000003],[107.58841500000005,21.611582000000055],[107.59987200000006,21.600492000000031],[107.60330700000009,21.597713000000056],[107.60481300000004,21.597067000000038],[107.60739000000007,21.596943000000067],[107.61363700000004,21.597483000000068],[107.61548900000008,21.598298000000057],[107.61882500000007,21.601139000000046],[107.62039800000008,21.602086000000043],[107.62247200000007,21.602378000000044],[107.63501100000008,21.602802000000054],[107.64313200000004,21.60369600000007],[107.64955800000007,21.60473200000007],[107.65491300000008,21.606360000000052],[107.66052400000007,21.609493000000043],[107.66513100000009,21.612564000000077],[107.66781900000007,21.613396000000023],[107.66979400000008,21.613095000000044],[107.67346400000008,21.611528000000078],[107.67888600000003,21.608865000000037],[107.68166300000007,21.608227000000056],[107.68619200000006,21.607980000000055],[107.69256200000007,21.609015000000056],[107.69436900000005,21.611688000000072],[107.69729200000006,21.612298000000067],[107.69927800000005,21.613520000000051],[107.70123000000007,21.613484000000028],[107.70207800000009,21.612865000000056],[107.70553600000005,21.613909000000035],[107.70729800000004,21.614104000000054],[107.71069000000006,21.616405000000043],[107.71297700000008,21.616767000000038],[107.71694800000006,21.618528000000026],[107.72129900000004,21.621484000000066],[107.72215800000004,21.622944000000075],[107.72373000000005,21.623165000000029],[107.72569400000003,21.626032000000066],[107.72704400000003,21.626705000000072],[107.73135000000008,21.627032000000042],[107.73477400000007,21.627970000000062],[107.73910300000006,21.630112000000054],[107.74010700000008,21.631474000000026],[107.74241600000005,21.633209000000022],[107.74545000000006,21.636129000000039],[107.74678900000004,21.637005000000045],[107.75199800000007,21.638394000000062],[107.75477600000005,21.639632000000063],[107.75650500000006,21.640048000000036],[107.75872500000008,21.639234000000044],[107.76220600000005,21.639013000000034],[107.76763800000003,21.639978000000042],[107.77065000000005,21.641048000000069],[107.77521300000006,21.641800000000046],[107.77587100000005,21.642393000000027],[107.77546900000004,21.64450800000003],[107.77859300000006,21.645516000000043],[107.78205100000008,21.645445000000052],[107.78393600000004,21.645906000000025],[107.78443800000008,21.646950000000061],[107.78447200000005,21.649736000000075],[107.78497400000003,21.651108000000022],[107.78646900000007,21.652267000000052],[107.78912400000007,21.652630000000045],[107.79168900000008,21.651258000000041],[107.79326200000008,21.65128500000003],[107.79467900000009,21.652214000000072],[107.79623000000004,21.65224900000004],[107.80006700000007,21.651099000000045],[107.80329100000006,21.651258000000041],[107.80715100000003,21.652515000000051],[107.80775300000005,21.653435000000059],[107.80775300000005,21.65504500000003],[107.80854500000004,21.656080000000031],[107.80936000000008,21.655399000000045],[107.81221500000004,21.655284000000051],[107.81606400000004,21.654337000000055],[107.82167500000008,21.653718000000026],[107.82507800000008,21.650949000000026],[107.82668400000006,21.650657000000024],[107.82949500000007,21.651099000000045],[107.83126900000008,21.650373000000059],[107.83467100000007,21.646543000000065],[107.83611000000008,21.642720000000054],[107.83723700000007,21.641110000000026],[107.84000400000008,21.64033100000006],[107.84098500000005,21.64111900000006],[107.84358500000008,21.639862000000051],[107.84445500000004,21.638721000000032],[107.84705400000007,21.638597000000061],[107.84856000000008,21.639402000000075],[107.84924000000007,21.641933000000051],[107.84881600000006,21.645375000000058],[107.85004400000008,21.646392000000048],[107.85524200000003,21.647675000000049],[107.85669200000007,21.648277000000064],[107.85947000000004,21.651382000000069],[107.86193500000007,21.651878000000067],[107.86388700000003,21.650303000000065],[107.86373100000009,21.647224000000051],[107.86676600000004,21.646277000000055],[107.86839400000008,21.64613600000007],[107.87071500000008,21.646543000000065],[107.87412800000004,21.64515300000005],[107.87506500000006,21.643490000000043],[107.87479700000006,21.640004000000033],[107.87627000000003,21.638916000000052],[107.87874700000003,21.63852600000007],[107.88155800000004,21.637420000000077],[107.88223800000009,21.634881000000064],[107.88236100000006,21.632165000000043],[107.88173600000005,21.629731000000049],[107.88178100000005,21.628492000000051],[107.89445300000006,21.632996000000048],[107.89707500000009,21.63338600000003],[107.90163700000005,21.63323500000007],[107.90379000000007,21.633917000000054],[107.90582100000006,21.635730000000024],[107.91039500000005,21.642048000000045],[107.91148800000008,21.644437000000039],[107.91232400000007,21.648250000000075],[107.91547000000008,21.652877000000046],[107.91579400000006,21.653868000000045],[107.91475600000007,21.656151000000023],[107.91308300000009,21.657725000000028],[107.91249200000004,21.659574000000077],[107.91267000000005,21.661839000000043],[107.91396400000008,21.665785000000028],[107.91433200000006,21.668669000000023],[107.91530300000005,21.671101000000078],[107.91669700000006,21.672092000000077],[107.91963100000004,21.672924000000023],[107.92102600000004,21.673914000000025],[107.92229700000007,21.676055000000076],[107.92294400000009,21.678346000000033],[107.92269900000008,21.683096000000035],[107.92194000000006,21.684830000000034],[107.92027800000005,21.686431000000027],[107.91982100000007,21.687448000000074],[107.92122600000005,21.689013000000045],[107.92340200000007,21.690429000000051],[107.93020700000005,21.692658000000051],[107.93393300000008,21.694338000000073],[107.93798200000003,21.697027000000048],[107.93955500000004,21.69902600000006],[107.94035800000006,21.702183000000048],[107.94009000000005,21.704916000000026],[107.93903100000006,21.706508000000042],[107.93720100000007,21.707967000000053],[107.93353100000007,21.710019000000045],[107.93277200000006,21.711186000000055],[107.93266100000005,21.714918000000068],[107.93348600000007,21.718367000000057],[107.93490300000008,21.720657000000074],[107.93784800000009,21.721771000000047],[107.94525500000009,21.721833000000061],[107.94817800000004,21.720657000000074],[107.95033100000006,21.720489000000043],[107.95481600000005,21.721020000000067],[107.96189900000007,21.720374000000049],[107.96746600000006,21.720472000000029],[107.97718200000008,21.719800000000077],[107.98224700000009,21.717306000000065],[107.98409900000007,21.716855000000066],[107.98935300000005,21.716811000000064],[107.99259900000004,21.71750000000003],[107.99459600000006,21.71675700000003],[107.99643600000007,21.715449000000035],[108.00035200000008,21.708940000000041],[108.00415600000008,21.706021000000078],[108.00881900000007,21.707171000000073],[108.01081600000003,21.706189000000052],[108.01222100000007,21.703916000000049],[108.01640500000008,21.70052000000004],[108.01949500000006,21.699114000000066],[108.02366700000005,21.698000000000036],[108.02613200000008,21.697018000000071],[108.03107400000005,21.695479000000034],[108.03432000000004,21.693790000000035],[108.03680800000006,21.690809000000058],[108.03882700000008,21.685688000000027],[108.04147100000006,21.682282000000043],[108.04627900000008,21.677603000000033],[108.04874400000006,21.676329000000067],[108.05183400000004,21.675781000000029],[108.05336300000005,21.675931000000048],[108.05629700000009,21.675524000000053],[108.05877300000009,21.674250000000029],[108.06123800000006,21.671977000000027],[108.06340300000005,21.669421000000057],[108.06711700000005,21.663794000000053],[108.06896900000004,21.662237000000061],[108.07113300000009,21.661680000000047],[108.07359900000006,21.662113000000033],[108.08281300000004,21.666094000000044],[108.08726400000006,21.668394000000035],[108.09049900000008,21.669695000000047],[108.09341100000006,21.670562000000075],[108.09617700000007,21.670571000000052],[108.09848600000004,21.669721000000038],[108.10096300000004,21.667306000000053],[108.10158800000005,21.663051000000053],[108.10267000000005,21.659928000000036],[108.10499000000004,21.658371000000045],[108.10988700000007,21.65697300000005],[108.11355700000007,21.654293000000052],[108.11601200000007,21.650745000000029],[108.11678100000006,21.650329000000056],[108.12075300000004,21.650338000000033],[108.12334100000004,21.651479000000052],[108.12594000000007,21.654602000000068],[108.13080400000007,21.657018000000051],[108.13554500000004,21.658867000000043],[108.13737400000008,21.660141000000067],[108.13949400000007,21.663405000000068],[108.13994000000008,21.666103000000078],[108.13937100000004,21.669996000000026],[108.13629200000008,21.681999000000076],[108.13474200000007,21.685705000000041],[108.13427300000006,21.688279000000023],[108.13474200000007,21.689137000000073],[108.13641500000006,21.689571000000058],[108.14009600000009,21.689438000000052],[108.15108400000008,21.694462000000044],[108.15490000000005,21.696620000000053],[108.16039900000004,21.700052000000028],[108.17398700000007,21.706517000000076],[108.17871600000007,21.708383000000026],[108.18544300000008,21.710682000000077],[108.19690000000008,21.715272000000027],[108.19842800000004,21.715564000000029],[108.20087100000006,21.714856000000054],[108.20255600000007,21.713565000000074],[108.20501000000007,21.710717000000045],[108.20715200000006,21.707728000000031],[108.21436900000003,21.700184000000036],[108.21574100000004,21.699326000000042],[108.21835200000004,21.697053000000039],[108.22019200000005,21.693498000000034],[108.22081700000007,21.688509000000067],[108.22021500000005,21.682380000000023],[108.21611000000007,21.672119000000066],[108.21307500000006,21.665033000000051],[108.21140200000008,21.662184000000025],[108.21035300000005,21.656487000000027],[108.21159200000005,21.650232000000074],[108.21436900000003,21.644985000000077],[108.21560800000009,21.643561000000034],[108.21785000000006,21.639579000000026],[108.21578600000004,21.625785000000064],[108.21617600000008,21.621334000000047],[108.21752600000008,21.61784700000004],[108.22467700000004,21.603935000000035],[108.22888200000006,21.603935000000035],[108.23545300000006,21.602767000000028],[108.24106400000005,21.599669000000063],[108.24667500000004,21.593669000000034],[108.24938600000007,21.588641000000052],[108.25034600000004,21.585924000000034],[108.25208600000008,21.57722300000006],[108.25189600000004,21.570637000000033],[108.25015600000006,21.561351000000059],[108.24551500000007,21.553613000000041],[108.24087500000007,21.544910000000073],[108.23893400000009,21.540846000000045],[108.23796300000004,21.537553000000059],[108.23448300000007,21.53253200000006],[108.22366200000005,21.519958000000031],[108.21052100000009,21.505754000000024],[108.20858000000004,21.501697000000036],[108.20839000000007,21.496277000000077],[108.21013000000005,21.492602000000034],[108.21361100000007,21.490077000000042],[108.21786100000008,21.489298000000076],[108.22346100000004,21.489484000000061],[108.23003200000005,21.491025000000036],[108.26524900000004,21.51056200000005],[108.26912000000004,21.512891000000025],[108.27377200000006,21.518887000000063],[108.28132400000004,21.522960000000069],[108.29197800000009,21.527033000000074],[108.32155100000006,21.537685000000067],[108.33002900000008,21.540085000000033],[108.33857400000005,21.541209000000038],[108.32892500000008,21.599970000000042],[108.32892500000008,21.602050000000077],[108.33229300000005,21.615918000000022],[108.33525000000009,21.619670000000042],[108.33811700000007,21.622696000000076],[108.34066000000007,21.626979000000063],[108.34434100000004,21.637518000000057],[108.34832400000005,21.648188000000061],[108.35373400000009,21.662060000000054],[108.35419200000007,21.664971000000037],[108.35369000000009,21.671473000000049],[108.35396900000006,21.672552000000053],[108.35547400000007,21.674799000000064],[108.35365600000006,21.677143000000058],[108.35171500000007,21.67839900000007],[108.34946200000007,21.679257000000064],[108.34470900000008,21.68248600000004],[108.34051500000004,21.685599000000025],[108.33791600000006,21.688500000000033],[108.33406700000006,21.693816000000027],[108.33344200000005,21.695169000000078],[108.33372100000008,21.697920000000067],[108.33555100000007,21.700529000000074],[108.33770400000009,21.705464000000063],[108.34061500000007,21.709108000000072],[108.34127400000006,21.709134000000063],[108.34195400000004,21.707711000000074],[108.34192100000007,21.70616300000006],[108.34353800000008,21.705694000000051],[108.34396200000003,21.706508000000042],[108.34517800000003,21.706357000000025],[108.34646100000003,21.70760400000006],[108.34642700000006,21.709134000000063],[108.34727500000008,21.709877000000063],[108.34787800000004,21.712177000000054],[108.34846900000008,21.711955000000046],[108.34949500000005,21.709267000000068],[108.35033200000004,21.710788000000036],[108.35172600000004,21.711310000000026],[108.35312100000004,21.710505000000069],[108.35591000000005,21.710532000000057],[108.35864300000009,21.712124000000074],[108.35966900000005,21.713202000000024],[108.36147600000004,21.713998000000061],[108.36210100000005,21.713432000000068],[108.36093000000005,21.710620000000063],[108.36130900000006,21.706791000000067],[108.36359600000009,21.705110000000047],[108.36428700000005,21.705455000000029],[108.36377400000003,21.706941000000029],[108.36632900000006,21.709594000000038],[108.36616100000003,21.71090300000003],[108.36982000000006,21.712566000000038],[108.37008800000007,21.714582000000064],[108.37065700000005,21.714856000000054],[108.37369100000006,21.711611000000062],[108.37660300000005,21.709771000000046],[108.37778500000007,21.707746000000043],[108.37891200000007,21.708232000000066],[108.37980500000003,21.710841000000073],[108.38192400000008,21.712513000000058],[108.38387600000004,21.712442000000067],[108.38435600000008,21.709798000000035],[108.38605200000006,21.711336000000074],[108.38820500000008,21.711080000000038],[108.39007900000007,21.709868000000029],[108.39144000000005,21.707879000000048],[108.39280100000008,21.706561000000022],[108.39393800000005,21.706295000000068],[108.39590200000004,21.704987000000074],[108.39801000000006,21.704368000000045],[108.40066500000006,21.702245000000062],[108.40145700000005,21.702360000000056],[108.40230500000007,21.703793000000076],[108.40084400000006,21.705234000000075],[108.40175800000009,21.706649000000027],[108.40365500000007,21.705880000000036],[108.40725800000007,21.708064000000036],[108.40992400000005,21.708604000000037],[108.41111800000004,21.707012000000077],[108.41244500000005,21.706066000000078],[108.41479900000007,21.705278000000078],[108.41658400000006,21.707100000000025],[108.41690800000003,21.708427000000029],[108.42034300000006,21.708206000000075],[108.42060000000004,21.709594000000038],[108.41956300000004,21.710620000000063],[108.42004200000008,21.712734000000069],[108.42125800000008,21.713512000000037],[108.42036600000006,21.715219000000047],[108.41874800000005,21.716864000000044],[108.41765500000008,21.720321000000069],[108.41957400000007,21.719764000000055],[108.41987500000005,21.721356000000071],[108.41956300000004,21.725353000000041],[108.41981900000007,21.725998000000061],[108.42308800000006,21.725609000000077],[108.42418100000003,21.726193000000023],[108.42773900000009,21.727068000000031],[108.42755000000005,21.728448000000071],[108.42827500000004,21.730764000000022],[108.42983700000008,21.730349000000047],[108.43022700000006,21.732100000000059],[108.43105300000008,21.732586000000026],[108.43220200000007,21.731887000000029],[108.43344000000008,21.729650000000049],[108.43462200000005,21.729465000000062],[108.43659700000006,21.727201000000036],[108.43791300000004,21.727130000000045],[108.43705400000005,21.729076000000077],[108.43842600000005,21.730924000000073],[108.43733300000008,21.732294000000024],[108.43665300000004,21.735557000000028],[108.43702100000007,21.736989000000051],[108.43858300000005,21.737334000000033],[108.43986500000005,21.734867000000065],[108.44223000000005,21.735752000000048],[108.44336800000008,21.735362000000066],[108.44516400000003,21.735920000000078],[108.44512000000009,21.738484000000028],[108.44689300000005,21.73825400000004],[108.44971600000008,21.74071200000003],[108.45172400000007,21.742781000000036],[108.45335200000005,21.743188000000032],[108.45752500000003,21.745920000000069],[108.45875200000006,21.746326000000067],[108.46202000000005,21.74637000000007],[108.46366000000006,21.746008000000074],[108.46421800000007,21.745248000000061],[108.46426200000008,21.74256900000006],[108.46718500000009,21.740668000000028],[108.46835600000009,21.741446000000053],[108.47177000000005,21.740588000000059],[108.47260700000004,21.738616000000036],[108.47526200000004,21.738245000000063],[108.47757100000007,21.737502000000063],[108.47986900000006,21.73867800000005],[108.48244600000004,21.739094000000023],[108.48669600000005,21.737493000000029],[108.48985300000004,21.735407000000066],[108.49666900000005,21.732250000000079],[108.50335100000007,21.730234000000053],[108.50467900000007,21.72950000000003],[108.50601700000004,21.727652000000035],[108.50620700000007,21.730959000000041],[108.50786900000008,21.734699000000035],[108.50745600000005,21.741446000000053],[108.50753400000008,21.743258000000026],[108.50666400000006,21.746026000000029],[108.50663100000008,21.749014000000045],[108.50591700000007,21.752321000000052],[108.50572700000004,21.754655000000071],[108.50602800000007,21.756653000000028],[108.50686500000006,21.759075000000053],[108.50779100000005,21.760604000000058],[108.50948700000004,21.761126000000047],[108.51298900000006,21.763460000000066],[108.51963800000004,21.76626200000004],[108.52027400000009,21.768631000000028],[108.52157900000009,21.769683000000043],[108.52588500000007,21.767694000000063],[108.52888600000006,21.768490000000043],[108.52926500000007,21.769303000000036],[108.52809400000007,21.771955000000048],[108.52627600000005,21.773087000000032],[108.52103200000005,21.775438000000065],[108.51841100000007,21.777648000000056],[108.51693800000004,21.779619000000025],[108.51613500000008,21.784481000000028],[108.51539900000006,21.790049000000067],[108.51383700000008,21.796687000000077],[108.51388200000008,21.800293000000067],[108.51361400000008,21.803263000000072],[108.51397100000008,21.808123000000023],[108.51329100000004,21.810351000000026],[108.51190700000006,21.812321000000054],[108.50770200000005,21.816616000000067],[108.50494600000007,21.817756000000031],[108.49769500000008,21.822298000000046],[108.49344500000007,21.826319000000069],[108.48466600000006,21.83391800000004],[108.47841900000009,21.840404000000035],[108.47713600000009,21.841340000000059],[108.46717400000006,21.851748000000043],[108.46478700000006,21.855883000000063],[108.46272300000004,21.861148000000071],[108.46279000000004,21.866272000000038],[108.46436300000005,21.871307000000058],[108.46786600000007,21.876131000000044],[108.46718500000009,21.880335000000059],[108.46929400000005,21.884284000000036],[108.46941600000008,21.886872000000039],[108.46781000000004,21.889707000000044],[108.46680600000008,21.89354000000003],[108.46493200000003,21.897850000000062],[108.46152900000004,21.903114000000073],[108.45725700000008,21.906823000000031],[108.45032900000007,21.910683000000063],[108.44441700000004,21.913403000000073],[108.43627300000009,21.916326000000026],[108.43010400000009,21.917209000000071],[108.41584800000004,21.913888000000043],[108.41042600000009,21.914304000000072],[108.40473700000007,21.916326000000026],[108.39902500000005,21.921783000000062],[108.39032400000008,21.928132000000062],[108.38194600000008,21.927364000000068],[108.37778500000007,21.924114000000031],[108.36400800000007,21.918701000000056],[108.35956900000008,21.918198000000075],[108.35511800000006,21.919761000000051],[108.34890400000006,21.922914000000048],[108.33752500000008,21.924397000000056],[108.32696100000004,21.920158000000072],[108.31933100000003,21.916185000000041],[108.30578800000006,21.912599000000057],[108.29912800000005,21.91092100000003],[108.29075100000006,21.910382000000027],[108.28209400000009,21.913509000000033],[108.26771500000007,21.919787000000042],[108.26300700000007,21.922039000000041],[108.25825500000008,21.92841500000003],[108.25943700000005,21.932786000000078],[108.26233800000006,21.939461000000051],[108.25809900000007,21.944238000000041],[108.25097000000005,21.942569000000049],[108.24376400000006,21.947778000000028],[108.24467900000008,21.955583000000047],[108.24338500000005,21.962689000000069],[108.23912300000006,21.968613000000062],[108.23467200000005,21.971094000000051],[108.22603800000007,21.971482000000037],[108.21569700000003,21.972091000000034],[108.21124600000007,21.973654000000067],[108.20553400000006,21.979577000000063],[108.19953300000009,21.987785000000031],[108.19577300000009,21.994414000000063],[108.19337500000006,21.988430000000051],[108.19022900000004,21.98312500000003],[108.18435000000005,21.981245000000058],[108.17818100000005,21.982348000000059],[108.16953600000005,21.985491000000025],[108.16707000000008,21.987309000000039],[108.16162600000007,21.98978900000003],[108.15793400000007,21.989533000000051],[108.15600400000005,21.985844000000043],[108.15485500000005,21.978491000000076],[108.15220000000005,21.973662000000047],[108.13728500000008,21.964128000000073],[108.12527100000005,21.958293000000026],[108.11721600000004,21.953632000000027],[108.11158300000005,21.950144000000023],[108.10375200000004,21.944794000000059],[108.09935700000005,21.940618000000029],[108.08614900000003,21.931302000000073],[108.07906500000007,21.924114000000031],[108.07123400000006,21.917836000000023],[108.06314600000007,21.912926000000027],[108.05602900000008,21.909623000000067],[108.04199500000004,21.906011000000035],[108.03239000000008,21.90382100000005],[108.02104500000007,21.900456000000077],[108.01638200000008,21.897868000000074],[108.00803800000006,21.892489000000069],[108.00462500000003,21.891297000000066],[107.99831100000006,21.892710000000022],[107.99213000000009,21.893417000000056],[107.98817000000008,21.89228600000007],[107.98421000000008,21.890458000000024],[107.98000500000006,21.88908900000007],[107.97379100000006,21.885441000000071],[107.96659600000004,21.879947000000072],[107.96188800000004,21.876758000000052],[107.95670100000007,21.875848000000076],[107.94680600000004,21.874744000000078],[107.93051900000006,21.873198000000059],[107.92286600000006,21.871855000000039],[107.91274800000008,21.868922000000055],[107.90461600000003,21.867580000000032],[107.89522300000004,21.86349800000005],[107.89003600000007,21.861007000000029],[107.88731400000006,21.858039000000076],[107.88780500000007,21.855512000000033],[107.89024800000004,21.852287000000047],[107.89342700000009,21.849743000000046],[107.89858100000004,21.84512200000006],[107.90224000000006,21.840050000000076],[107.90172700000005,21.834316000000058],[107.89973000000003,21.831798000000049],[107.89676300000008,21.830216000000064],[107.89158600000007,21.828634000000022],[107.87976200000008,21.825267000000053],[107.87311300000005,21.823235000000068],[107.86498100000006,21.821220000000039],[107.85635800000006,21.817146000000037],[107.84577100000007,21.813779000000068],[107.83961300000004,21.810607000000061],[107.83174900000006,21.810660000000041],[107.82511100000005,21.810934000000032],[107.81626500000004,21.811906000000079],[107.79956500000009,21.813391000000024],[107.79020600000007,21.812295000000063],[107.77963000000005,21.812357000000077],[107.76927800000004,21.80897200000004],[107.76114600000005,21.804880000000026],[107.75496600000008,21.80237900000003],[107.74460200000004,21.79690800000003],[107.73669300000006,21.793496000000061],[107.71746100000007,21.78897100000006],[107.71200600000009,21.784852000000058],[107.70928400000008,21.781643000000031],[107.71099100000004,21.776128000000028],[107.71294300000005,21.772910000000024],[107.71613400000007,21.766474000000073],[107.71635700000007,21.762346000000036],[107.71412600000008,21.76074600000004],[107.70548000000008,21.755256000000031],[107.69511700000004,21.75230300000004],[107.68672800000007,21.750941000000068],[107.66818700000005,21.743859000000043],[107.65560400000004,21.743656000000044],[107.64498400000008,21.748209000000031],[107.63889300000005,21.753850000000057],[107.63536800000008,21.755742000000055],[107.63227800000004,21.755486000000076],[107.62888700000008,21.754354000000035],[107.62500500000004,21.751940000000047],[107.61413900000008,21.743700000000047],[107.61200900000006,21.742454000000066],[107.60971100000006,21.741897000000051],[107.60648700000007,21.741932000000077],[107.60218100000009,21.739819000000068],[107.59940300000005,21.737838000000067],[107.59278800000004,21.733461000000034],[107.58495700000009,21.73024300000003],[107.57699200000008,21.728465000000028],[107.57302000000004,21.72922600000004],[107.57149200000003,21.728669000000025],[107.56872600000008,21.726830000000064],[107.56717500000008,21.725273000000072],[107.56564700000007,21.724716000000058],[107.55832900000007,21.726087000000064]]]},"properties":{"OBJECTID":6,"adcode":450603,"name":"防城区","center":"[108.358426,21.764758]","centroid":"[108.067496,21.761178]","childrenNum":0,"level":"district","parent":"{\"adcode\":450600}","subFeatureIndex":1,"acroutes":"[100000,450000,450600]","Shape_Length":3.3881778649862557,"Shape_Area":0.21198200545700002}},{"type":"Feature","id":7,"geometry":{"type":"Polygon","coordinates":[[[108.19577300000009,21.994414000000063],[108.19648700000005,21.997168000000045],[108.19937600000009,22.003152000000057],[108.20034700000008,22.006620000000055],[108.20199800000006,22.007750000000044],[108.20332500000006,22.012992000000054],[108.20487600000007,22.013371000000063],[108.20535600000005,22.016557000000034],[108.20427400000005,22.019063000000074],[108.20206500000006,22.020696000000044],[108.20077100000009,22.02497500000004],[108.19942100000009,22.028602000000035],[108.20135100000005,22.030782000000045],[108.20164100000005,22.033446000000026],[108.20273400000008,22.034946000000048],[108.20393900000005,22.035255000000063],[108.20727400000004,22.037638000000072],[108.20774300000005,22.039729000000023],[108.21021900000005,22.040849000000037],[108.21542900000009,22.046390000000031],[108.21756000000005,22.047043000000031],[108.21995800000008,22.047087000000033],[108.22152000000006,22.048552000000029],[108.22327100000007,22.051146000000074],[108.22341600000004,22.053298000000041],[108.22009200000008,22.053369000000032],[108.21769400000005,22.054701000000023],[108.21285200000005,22.056298000000027],[108.21104500000007,22.057515000000024],[108.20805500000006,22.058486000000073],[108.20697300000006,22.059289000000035],[108.20521100000008,22.059491000000037],[108.20289000000008,22.060903000000053],[108.20286800000008,22.063752000000022],[108.20236600000004,22.065490000000068],[108.20081500000003,22.06814600000007],[108.19799300000005,22.069125000000042],[108.19679900000006,22.06908100000004],[108.19597400000004,22.071383000000026],[108.19751300000007,22.075088000000051],[108.19839500000006,22.075882000000036],[108.20045800000008,22.07634100000007],[108.20186400000006,22.077496000000053],[108.20238800000004,22.079613000000052],[108.20218800000004,22.080804000000057],[108.19943200000006,22.083468000000039],[108.19796000000008,22.084076000000039],[108.19840600000003,22.086352000000034],[108.19926500000008,22.087772000000029],[108.19918700000005,22.089060000000075],[108.19825000000009,22.090180000000032],[108.19801500000005,22.092138000000034],[108.19908600000008,22.094952000000035],[108.19502600000004,22.095542000000023],[108.19488100000007,22.097033000000067],[108.19572900000009,22.099388000000033],[108.19691100000006,22.101266000000066],[108.19782600000008,22.10120500000005],[108.20068200000009,22.098956000000044],[108.20070400000009,22.096319000000051],[108.20199800000006,22.096451000000059],[108.20458600000006,22.095260000000053],[108.20476400000007,22.094255000000032],[108.20776500000005,22.093946000000074],[108.20914900000008,22.095692000000042],[108.21160300000008,22.096989000000065],[108.21421300000009,22.100676000000078],[108.21576400000004,22.103330000000028],[108.21631000000008,22.105129000000034],[108.21619900000007,22.110562000000073],[108.21143500000005,22.112043000000028],[108.20849000000004,22.111391000000026],[108.20379400000007,22.113357000000065],[108.19745800000004,22.115633000000059],[108.19881900000007,22.119072000000074],[108.20005700000007,22.124230000000068],[108.19683300000008,22.131664000000058],[108.19294000000008,22.131311000000039],[108.19146700000005,22.132845000000032],[108.19248200000004,22.135182000000043],[108.19233700000007,22.136134000000027],[108.19082000000009,22.138506000000064],[108.18870100000004,22.138647000000049],[108.18617900000004,22.139987000000076],[108.18499700000007,22.141398000000038],[108.18494100000004,22.14396400000004],[108.18372500000004,22.146194000000037],[108.18459500000006,22.149068000000057],[108.18693800000005,22.150241000000051],[108.18865600000004,22.150364000000025],[108.19171300000005,22.159084000000064],[108.19304000000005,22.163535000000024],[108.19491400000004,22.165343000000064],[108.20320300000009,22.165466000000038],[108.20723000000004,22.168031000000042],[108.21020800000008,22.169160000000034],[108.21235000000007,22.17065800000006],[108.21188200000006,22.173364000000049],[108.20961700000004,22.173541000000057],[108.20866900000004,22.174563000000035],[108.20882500000005,22.176203000000044],[108.21067700000003,22.17863600000004],[108.22169800000006,22.182963000000029],[108.22411900000009,22.182250000000067],[108.22573700000004,22.182549000000051],[108.22678500000006,22.18629500000003],[108.22766700000005,22.187847000000033],[108.23043300000006,22.190288000000066],[108.23781800000006,22.194157000000075],[108.23896700000006,22.195215000000076],[108.24233600000008,22.195065000000056],[108.24703200000005,22.196352000000047],[108.25368100000009,22.19573500000007],[108.25377000000009,22.198026000000027],[108.25612400000006,22.200459000000023],[108.25903600000004,22.201146000000051],[108.26764800000007,22.205121000000076],[108.27068200000008,22.207668000000069],[108.27368300000006,22.209439000000032],[108.27661700000004,22.210391000000072],[108.27981800000003,22.206972000000064],[108.28049900000008,22.211114000000066],[108.28037600000005,22.217458000000022],[108.28083300000009,22.221909000000039],[108.28068800000005,22.223345000000052],[108.27515500000004,22.223530000000039],[108.27146300000004,22.226543000000049],[108.26944400000008,22.229266000000052],[108.26764800000007,22.230667000000039],[108.26396600000004,22.22856100000007],[108.26068700000008,22.229672000000051],[108.25988300000006,22.233416000000034],[108.25663700000007,22.236527000000024],[108.25397100000004,22.238016000000073],[108.25058000000007,22.237038000000041],[108.24669800000004,22.239223000000038],[108.24496900000008,22.243329000000074],[108.24383100000006,22.249029000000064],[108.24347400000005,22.252844000000039],[108.24662000000006,22.254597000000047],[108.24585000000008,22.256191000000058],[108.24392000000006,22.257980000000032],[108.23736100000008,22.261160000000075],[108.23460500000004,22.263027000000022],[108.23240800000008,22.265979000000073],[108.23260800000008,22.27242700000005],[108.23430400000007,22.278126000000043],[108.23630100000008,22.281896000000074],[108.23624500000005,22.282512000000054],[108.23216200000007,22.286899000000062],[108.22128600000008,22.292016000000046],[108.21889800000008,22.291972000000044],[108.21680100000003,22.289981000000068],[108.21506100000005,22.286546000000044],[108.21317600000003,22.285903000000076],[108.20924900000006,22.289136000000042],[108.20667200000008,22.292192000000057],[108.20480900000007,22.290950000000066],[108.19600700000007,22.281270000000063],[108.19240400000007,22.27646100000004],[108.18920300000008,22.273651000000029],[108.18508600000007,22.277676000000042],[108.18255400000004,22.277562000000046],[108.17659700000007,22.279377000000068],[108.17337300000008,22.280953000000068],[108.17221300000006,22.284758000000068],[108.16790700000007,22.286758000000077],[108.16556400000007,22.288792000000058],[108.16373500000009,22.289911000000075],[108.15961800000008,22.289840000000027],[108.15493300000009,22.289999000000023],[108.15289200000007,22.288387000000057],[108.15049300000004,22.288775000000044],[108.14956700000005,22.289779000000067],[108.14948900000007,22.291021000000057],[108.14682300000004,22.297018000000037],[108.14651100000003,22.29885900000005],[108.14386700000006,22.303738000000067],[108.14228300000008,22.304575000000057],[108.13869100000005,22.304319000000078],[108.13683900000007,22.305103000000031],[108.13615800000008,22.310149000000024],[108.13498700000008,22.312703000000056],[108.13585700000004,22.315125000000023],[108.13554500000004,22.316851000000042],[108.13406100000009,22.318858000000034],[108.13453000000004,22.321738000000039],[108.13623700000005,22.324159000000066],[108.13639300000006,22.326660000000061],[108.13314600000007,22.328042000000039],[108.13287900000006,22.329363000000058],[108.13352600000007,22.33098300000006],[108.13306800000004,22.332339000000047],[108.13324700000004,22.334998000000041],[108.13496500000008,22.33693500000004],[108.13581300000004,22.34008700000004],[108.13526600000006,22.341478000000052],[108.12772500000005,22.346127000000024],[108.12498100000005,22.34577500000006],[108.12387600000005,22.346470000000068],[108.12092000000007,22.351533000000074],[108.12002800000005,22.352334000000042],[108.11672600000009,22.354024000000038],[108.11346800000007,22.356199000000061],[108.11225200000007,22.356489000000067],[108.10998800000004,22.355345000000057],[108.10849300000007,22.354975000000024],[108.10493400000007,22.355538000000024],[108.10260300000004,22.357255000000066],[108.10036100000008,22.359614000000079],[108.10008200000004,22.361375000000066],[108.10114100000004,22.36572300000006],[108.09991400000007,22.369341000000077],[108.09846400000004,22.371304000000066],[108.09032100000007,22.372281000000044],[108.08719700000006,22.371340000000032],[108.08298000000008,22.368778000000077],[108.08294700000005,22.367889000000048],[108.08188700000005,22.367308000000037],[108.07461400000005,22.35506300000003],[108.06623600000006,22.350828000000035],[108.05554900000004,22.353690000000029],[108.05380900000006,22.355600000000038],[108.05189000000007,22.355485000000044],[108.04994900000008,22.354341000000034],[108.04663600000003,22.354728000000023],[108.04209600000007,22.351330000000075],[108.03854800000005,22.345440000000053],[108.03539100000006,22.338978000000054],[108.03052800000006,22.333176000000037],[108.02161400000006,22.330992000000037],[108.01439700000009,22.334338000000059],[108.00674400000008,22.335430000000031],[108.00344200000006,22.334435000000042],[108.00126700000004,22.333193000000051],[107.99428300000005,22.327937000000077],[107.98830400000008,22.322442000000024],[107.98380900000006,22.317634000000055],[107.97979300000009,22.310757000000024],[107.97955800000005,22.308546000000035],[107.98019400000004,22.307305000000042],[107.98185600000005,22.306125000000065],[107.98450000000008,22.304874000000041],[107.98374200000006,22.302021000000025],[107.98674200000005,22.29981900000007],[107.98646400000007,22.297961000000043],[107.98547100000008,22.296860000000038],[107.98094200000008,22.294702000000029],[107.97756100000004,22.294050000000027],[107.97572100000008,22.292139000000077],[107.96791200000007,22.288343000000054],[107.96310400000004,22.287233000000072],[107.96107400000005,22.285974000000067],[107.95950100000005,22.284124000000077],[107.95901000000003,22.282556000000056],[107.95927800000004,22.279685000000029],[107.95741500000008,22.278989000000024],[107.95614300000005,22.27785300000005],[107.95519500000006,22.276144000000045],[107.94849000000005,22.272347000000025],[107.94643800000006,22.269934000000035],[107.94580200000007,22.268516000000034],[107.94528900000006,22.265794000000028],[107.94571300000007,22.263071000000025],[107.94825600000007,22.257037000000025],[107.95094500000005,22.251566000000025],[107.95201500000007,22.24998000000005],[107.95199300000007,22.248976000000027],[107.95104500000008,22.247980000000041],[107.94578000000007,22.246897000000047],[107.94422900000006,22.246906000000024],[107.94271200000009,22.24835900000005],[107.93811600000004,22.251689000000056],[107.93444600000004,22.253592000000026],[107.93090900000004,22.254923000000076],[107.92873400000008,22.253936000000067],[107.92558800000006,22.250394000000028],[107.92139400000008,22.249152000000038],[107.92163900000008,22.24471200000005],[107.92130500000007,22.243135000000052],[107.91771200000005,22.240747000000056],[107.91754500000008,22.239461000000063],[107.91827000000006,22.236729000000025],[107.91838200000007,22.23329300000006],[107.91804700000006,22.231866000000025],[107.91711000000004,22.231011000000024],[107.91329500000006,22.229645000000062],[107.91064000000006,22.228235000000041],[107.91016000000008,22.226949000000047],[107.91289300000005,22.223063000000025],[107.91301600000008,22.220763000000034],[107.91290400000008,22.213035000000048],[107.91257000000007,22.211325000000045],[107.91162200000008,22.210188000000073],[107.90450400000009,22.207685000000026],[107.89829100000009,22.204442000000029],[107.89706400000006,22.20446000000004],[107.89614900000004,22.20547300000004],[107.89601500000003,22.206919000000028],[107.89638300000007,22.213211000000058],[107.89594800000003,22.215643000000057],[107.88954500000006,22.217679000000032],[107.88797200000005,22.218886000000055],[107.88566300000008,22.219335000000058],[107.88334300000008,22.219230000000039],[107.88115600000003,22.217679000000032],[107.87725200000006,22.213713000000041],[107.87412800000004,22.211025000000063],[107.86933100000005,22.210223000000042],[107.86269400000003,22.209589000000051],[107.85992700000008,22.209624000000076],[107.85515300000009,22.211105000000032],[107.84963100000004,22.212612000000036],[107.84609500000005,22.212797000000023],[107.84254700000008,22.212682000000029],[107.83786200000009,22.212189000000023],[107.83348900000004,22.213246000000026],[107.82806700000003,22.214885000000038],[107.82117300000004,22.217229000000032],[107.81526100000008,22.216806000000076],[107.80908100000005,22.21386300000006],[107.80117200000007,22.209554000000026],[107.79351900000006,22.207994000000042],[107.78586600000006,22.207121000000029],[107.77649600000007,22.207395000000076],[107.76414700000004,22.204707000000042],[107.75377200000008,22.203147000000058],[107.74990100000008,22.20190400000007],[107.73942600000004,22.199763000000075],[107.73470700000007,22.196105000000045],[107.73148300000008,22.19106400000004],[107.72800300000006,22.186718000000042],[107.72231400000004,22.186727000000076],[107.71441600000009,22.189512000000036],[107.70600400000006,22.191592000000071],[107.69735900000006,22.190473000000054],[107.68545600000004,22.186366000000078],[107.67578400000008,22.182708000000048],[107.66787500000004,22.180654000000061],[107.65969800000005,22.179984000000047],[107.65177800000004,22.182064000000025],[107.64289800000006,22.187133000000074],[107.63647300000008,22.188984000000062],[107.63252400000005,22.189451000000076],[107.62979000000007,22.185326000000032],[107.62829600000003,22.181659000000025],[107.62975700000004,22.176608000000044],[107.63245700000004,22.17131900000004],[107.63465400000007,22.163738000000023],[107.63710800000007,22.158228000000065],[107.63930600000003,22.151793000000055],[107.64274200000006,22.141230000000064],[107.64470500000004,22.13662800000003],[107.64838700000007,22.132034000000033],[107.65308300000004,22.129724000000067],[107.65776800000003,22.127193000000034],[107.66097000000008,22.12397500000003],[107.66218600000008,22.119610000000023],[107.66194000000007,22.115253000000052],[107.65943000000004,22.109521000000029],[107.65819200000004,22.105852000000027],[107.65743400000008,22.102175000000045],[107.65765700000009,22.098038000000031],[107.66441700000007,22.096133000000066],[107.66323400000005,22.087869000000069],[107.66662600000006,22.084773000000041],[107.67025100000006,22.08243600000003],[107.67578400000008,22.084967000000063],[107.67761400000006,22.084561000000065],[107.67881900000003,22.082286000000067],[107.67540500000007,22.078987000000041],[107.67222600000008,22.075573000000077],[107.67038500000007,22.072168000000033],[107.66889000000003,22.067299000000048],[107.66779700000006,22.065728000000036],[107.66578900000007,22.064388000000065],[107.66399300000006,22.063955000000078],[107.66010000000006,22.064608000000078],[107.65712100000007,22.064493000000027],[107.65441100000004,22.058803000000069],[107.65415400000006,22.057559000000026],[107.65760100000006,22.055469000000073],[107.65773500000006,22.054498000000024],[107.65559300000007,22.053342000000043],[107.65313900000007,22.053519000000051],[107.64964700000007,22.056130000000053],[107.64729300000005,22.056633000000033],[107.64655700000009,22.055795000000046],[107.64630100000005,22.051490000000058],[107.65014900000006,22.046955000000025],[107.65217900000005,22.043840000000046],[107.65345100000008,22.041282000000024],[107.65315000000004,22.038502000000051],[107.65206800000004,22.036385000000053],[107.65062900000004,22.035758000000044],[107.64843100000007,22.036473000000058],[107.64768400000008,22.03745200000003],[107.64732700000008,22.040796000000057],[107.64692500000007,22.042040000000043],[107.64595500000007,22.042164000000071],[107.64216200000004,22.041732000000025],[107.63877100000008,22.040646000000038],[107.63537900000006,22.039870000000064],[107.63323700000007,22.038291000000072],[107.63250100000005,22.036879000000056],[107.63484400000004,22.033685000000048],[107.63809000000003,22.031029000000046],[107.63771100000008,22.029502000000036],[107.63664000000006,22.028258000000051],[107.63040400000006,22.025876000000039],[107.62789400000008,22.026573000000042],[107.62548400000009,22.026564000000064],[107.62459200000006,22.025840000000073],[107.62269600000008,22.023193000000049],[107.62261700000005,22.022205000000042],[107.62341000000004,22.017245000000059],[107.62246100000004,22.014863000000048],[107.61994000000004,22.012736000000075],[107.61795500000005,22.012524000000042],[107.61590200000006,22.011703000000068],[107.61454100000009,22.009885000000054],[107.61658200000005,22.006823000000054],[107.61651500000005,22.005473000000052],[107.61515400000008,22.004511000000036],[107.61228800000004,22.004219000000035],[107.60955400000006,22.003487000000064],[107.60681000000005,22.001642000000061],[107.60471300000006,22.00059200000004],[107.60373100000004,22.000698000000057],[107.60251500000004,21.998659000000032],[107.60300600000005,21.994123000000059],[107.60251500000004,21.990928000000054],[107.60079700000006,21.990733000000034],[107.59870000000006,21.992631000000074],[107.59694900000005,21.992066000000023],[107.59672600000005,21.989524000000074],[107.59700500000008,21.988712000000078],[107.59657000000004,21.986144000000024],[107.59486300000003,21.985482000000047],[107.59007700000006,21.983010000000036],[107.58809100000008,21.982348000000059],[107.58554800000007,21.976284000000078],[107.58436500000005,21.975754000000052],[107.58029400000004,21.975401000000033],[107.57963600000005,21.974060000000065],[107.58095200000008,21.972444000000053],[107.58297100000004,21.971403000000066],[107.58525800000007,21.969460000000026],[107.58404200000007,21.967271000000039],[107.58275900000007,21.96684700000003],[107.57911100000007,21.966556000000026],[107.57607700000005,21.965603000000044],[107.57515100000006,21.964958000000024],[107.57604400000008,21.963272000000075],[107.57823000000008,21.962266000000056],[107.58018200000004,21.95970600000004],[107.57973600000008,21.958540000000028],[107.57741600000008,21.957251000000042],[107.57529600000004,21.955389000000025],[107.57420300000007,21.955018000000052],[107.57235100000008,21.952113000000054],[107.57332200000008,21.949650000000076],[107.57551900000004,21.947884000000045],[107.57533000000006,21.945218000000068],[107.57567500000005,21.942931000000044],[107.57663500000007,21.94161500000007],[107.57820800000007,21.940441000000078],[107.58258100000006,21.93879000000004],[107.58307100000007,21.93803900000006],[107.58268100000004,21.936733000000061],[107.58082900000005,21.936044000000038],[107.57653400000004,21.936247000000037],[107.57379000000009,21.936856000000034],[107.57148100000006,21.93645900000007],[107.57008600000006,21.935046000000057],[107.56832400000008,21.930349000000035],[107.56724200000008,21.92951000000005],[107.56601500000005,21.929527000000064],[107.56069400000007,21.932468000000028],[107.55900900000006,21.932344000000057],[107.55838400000005,21.931638000000078],[107.55850700000008,21.929492000000039],[107.55955600000004,21.927046000000075],[107.55951100000004,21.924326000000065],[107.55731400000008,21.920635000000061],[107.55435700000004,21.917536000000041],[107.55403400000006,21.916246000000058],[107.55523900000009,21.914657000000034],[107.55871900000005,21.911884000000043],[107.55963400000007,21.91086800000005],[107.55927700000007,21.908016000000032],[107.55694500000004,21.905613000000073],[107.55402300000009,21.904227000000049],[107.55062000000004,21.901992000000064],[107.54999600000008,21.900712000000055],[107.54622500000005,21.894468000000074],[107.54292300000009,21.888064000000043],[107.54258800000008,21.886077000000057],[107.54483100000004,21.882632000000058],[107.54828900000007,21.882296000000053],[107.55266200000005,21.880936000000077],[107.55444700000004,21.879823000000044],[107.55757000000006,21.876334000000043],[107.55917600000004,21.873737000000062],[107.56071600000007,21.870468000000074],[107.56155300000006,21.869311000000039],[107.56312500000007,21.86841000000004],[107.56655000000006,21.865645000000029],[107.56836900000008,21.862783000000036],[107.56811200000004,21.860495000000071],[107.56710800000008,21.85686400000003],[107.56805600000007,21.852384000000029],[107.57002000000006,21.84959200000003],[107.57155900000004,21.846429000000057],[107.57123600000006,21.84253300000006],[107.56771000000003,21.835509000000059],[107.56302500000004,21.829801000000032],[107.55980100000005,21.822236000000032],[107.55781600000006,21.81559100000004],[107.55730200000005,21.807558000000029],[107.55849600000005,21.80043500000005],[107.56120700000008,21.795379000000025],[107.56437500000004,21.790536000000031],[107.56657300000006,21.786399000000074],[107.56755400000009,21.784101000000078],[107.56507800000009,21.779283000000078],[107.56039200000004,21.776331000000027],[107.55793800000004,21.771752000000049],[107.55496000000005,21.765113000000042],[107.55321900000007,21.759146000000044],[107.55271700000009,21.753868000000068],[107.55305200000004,21.750676000000055],[107.55181400000004,21.749686000000054],[107.55165800000009,21.748820000000023],[107.55287400000009,21.747661000000051],[107.55316400000004,21.745363000000054],[107.55237200000005,21.743506000000025],[107.55281800000006,21.741640000000075],[107.55673300000007,21.73500000000007],[107.55821700000007,21.730818000000056],[107.55879700000008,21.728236000000038],[107.55832900000007,21.726087000000064],[107.56564700000007,21.724716000000058],[107.56717500000008,21.725273000000072],[107.56872600000008,21.726830000000064],[107.57149200000003,21.728669000000025],[107.57302000000004,21.72922600000004],[107.57699200000008,21.728465000000028],[107.58495700000009,21.73024300000003],[107.59278800000004,21.733461000000034],[107.59940300000005,21.737838000000067],[107.60218100000009,21.739819000000068],[107.60648700000007,21.741932000000077],[107.60971100000006,21.741897000000051],[107.61200900000006,21.742454000000066],[107.61413900000008,21.743700000000047],[107.62500500000004,21.751940000000047],[107.62888700000008,21.754354000000035],[107.63227800000004,21.755486000000076],[107.63536800000008,21.755742000000055],[107.63889300000005,21.753850000000057],[107.64498400000008,21.748209000000031],[107.65560400000004,21.743656000000044],[107.66818700000005,21.743859000000043],[107.68672800000007,21.750941000000068],[107.69511700000004,21.75230300000004],[107.70548000000008,21.755256000000031],[107.71412600000008,21.76074600000004],[107.71635700000007,21.762346000000036],[107.71613400000007,21.766474000000073],[107.71294300000005,21.772910000000024],[107.71099100000004,21.776128000000028],[107.70928400000008,21.781643000000031],[107.71200600000009,21.784852000000058],[107.71746100000007,21.78897100000006],[107.73669300000006,21.793496000000061],[107.74460200000004,21.79690800000003],[107.75496600000008,21.80237900000003],[107.76114600000005,21.804880000000026],[107.76927800000004,21.80897200000004],[107.77963000000005,21.812357000000077],[107.79020600000007,21.812295000000063],[107.79956500000009,21.813391000000024],[107.81626500000004,21.811906000000079],[107.82511100000005,21.810934000000032],[107.83174900000006,21.810660000000041],[107.83961300000004,21.810607000000061],[107.84577100000007,21.813779000000068],[107.85635800000006,21.817146000000037],[107.86498100000006,21.821220000000039],[107.87311300000005,21.823235000000068],[107.87976200000008,21.825267000000053],[107.89158600000007,21.828634000000022],[107.89676300000008,21.830216000000064],[107.89973000000003,21.831798000000049],[107.90172700000005,21.834316000000058],[107.90224000000006,21.840050000000076],[107.89858100000004,21.84512200000006],[107.89342700000009,21.849743000000046],[107.89024800000004,21.852287000000047],[107.88780500000007,21.855512000000033],[107.88731400000006,21.858039000000076],[107.89003600000007,21.861007000000029],[107.89522300000004,21.86349800000005],[107.90461600000003,21.867580000000032],[107.91274800000008,21.868922000000055],[107.92286600000006,21.871855000000039],[107.93051900000006,21.873198000000059],[107.94680600000004,21.874744000000078],[107.95670100000007,21.875848000000076],[107.96188800000004,21.876758000000052],[107.96659600000004,21.879947000000072],[107.97379100000006,21.885441000000071],[107.98000500000006,21.88908900000007],[107.98421000000008,21.890458000000024],[107.98817000000008,21.89228600000007],[107.99213000000009,21.893417000000056],[107.99831100000006,21.892710000000022],[108.00462500000003,21.891297000000066],[108.00803800000006,21.892489000000069],[108.01638200000008,21.897868000000074],[108.02104500000007,21.900456000000077],[108.03239000000008,21.90382100000005],[108.04199500000004,21.906011000000035],[108.05602900000008,21.909623000000067],[108.06314600000007,21.912926000000027],[108.07123400000006,21.917836000000023],[108.07906500000007,21.924114000000031],[108.08614900000003,21.931302000000073],[108.09935700000005,21.940618000000029],[108.10375200000004,21.944794000000059],[108.11158300000005,21.950144000000023],[108.11721600000004,21.953632000000027],[108.12527100000005,21.958293000000026],[108.13728500000008,21.964128000000073],[108.15220000000005,21.973662000000047],[108.15485500000005,21.978491000000076],[108.15600400000005,21.985844000000043],[108.15793400000007,21.989533000000051],[108.16162600000007,21.98978900000003],[108.16707000000008,21.987309000000039],[108.16953600000005,21.985491000000025],[108.17818100000005,21.982348000000059],[108.18435000000005,21.981245000000058],[108.19022900000004,21.98312500000003],[108.19337500000006,21.988430000000051],[108.19577300000009,21.994414000000063]]]},"properties":{"OBJECTID":7,"adcode":450621,"name":"上思县","center":"[107.982139,22.151423]","centroid":"[107.896496,22.046768]","childrenNum":0,"level":"district","parent":"{\"adcode\":450600}","subFeatureIndex":2,"acroutes":"[100000,450000,450600]","Shape_Length":2.8461273889984047,"Shape_Area":0.24684074680999998}},{"type":"Feature","id":8,"geometry":{"type":"Polygon","coordinates":[[[107.88178100000005,21.628492000000051],[107.88278500000007,21.626926000000026],[107.88538400000004,21.626820000000066],[107.88685700000008,21.626386000000025],[107.89073900000005,21.623935000000074],[107.89184300000005,21.622891000000038],[107.89175400000005,21.621803000000057],[107.89002500000004,21.618935000000079],[107.88916600000005,21.618298000000038],[107.88950000000006,21.616829000000052],[107.89147500000007,21.615856000000065],[107.89247900000004,21.615838000000053],[107.89433100000008,21.613918000000069],[107.89447600000005,21.612918000000036],[107.89356100000003,21.610971000000063],[107.89278000000007,21.610290000000077],[107.88722500000006,21.609236000000067],[107.88653300000004,21.608059000000026],[107.88666700000005,21.606484000000023],[107.88875300000007,21.603723000000059],[107.89124100000004,21.603431000000057],[107.89590400000009,21.603369000000043],[107.89686300000005,21.599191000000076],[107.89432000000005,21.59708500000005],[107.89425300000005,21.59577500000006],[107.89525700000007,21.59461600000003],[107.89655100000004,21.594014000000072],[107.89983000000007,21.593527000000051],[107.90241800000007,21.591244000000074],[107.90331100000009,21.589447000000064],[107.90298700000005,21.587632000000042],[107.90224000000006,21.586588000000063],[107.90307700000005,21.58502100000004],[107.90508500000004,21.584109000000069],[107.90686900000009,21.584676000000059],[107.90693600000009,21.588163000000065],[107.90966900000006,21.588093000000072],[107.91323900000003,21.585517000000038],[107.91405400000008,21.585189000000071],[107.91595000000007,21.585720000000038],[107.91899500000005,21.583623000000046],[107.92022200000008,21.583472000000029],[107.92303400000009,21.585225000000037],[107.92559900000003,21.586340000000064],[107.92775200000005,21.58655200000004],[107.92897900000008,21.585871000000054],[107.92960400000004,21.58033000000006],[107.93309600000003,21.576532000000043],[107.93424500000003,21.574497000000065],[107.93585100000007,21.573496000000034],[107.94033600000006,21.571283000000051],[107.94398400000006,21.569123000000047],[107.94604700000008,21.567406000000062],[107.94669400000004,21.566308000000049],[107.94604700000008,21.563750000000027],[107.94614800000005,21.561528000000067],[107.94753100000008,21.557562000000075],[107.95026400000006,21.551241000000061],[107.95161400000006,21.546920000000057],[107.95609800000005,21.535994000000073],[107.95902100000006,21.533922000000075],[107.96031500000004,21.533772000000056],[107.96380700000009,21.534595000000024],[107.96598200000005,21.534781000000066],[107.96918400000004,21.533462000000043],[107.97074500000008,21.53337300000004],[107.97206200000005,21.534392000000025],[107.97414800000007,21.537907000000075],[107.97517400000004,21.53804800000006],[107.97766200000007,21.536880000000053],[107.97972600000008,21.537207000000024],[107.98137700000007,21.538482000000045],[107.98219100000006,21.541041000000064],[107.98354100000006,21.542042000000038],[107.98781300000007,21.541262000000074],[107.99044600000008,21.541254000000038],[107.99567800000005,21.54366200000004],[107.99700500000006,21.543874000000073],[108.00195800000006,21.543830000000071],[108.00759200000005,21.545194000000038],[108.00908700000008,21.545893000000035],[108.01092700000004,21.545627000000025],[108.01414000000005,21.544060000000059],[108.01850200000007,21.544237000000066],[108.02245100000005,21.545167000000049],[108.02672400000006,21.545742000000075],[108.03063900000006,21.546017000000063],[108.03446500000007,21.545866000000046],[108.04197300000004,21.544273000000032],[108.04632400000008,21.542245000000037],[108.04896700000006,21.540111000000024],[108.05142200000006,21.536508000000026],[108.05409900000006,21.531824000000029],[108.05582800000008,21.529344000000037],[108.05998900000009,21.526086000000078],[108.06301200000007,21.525032000000067],[108.07405600000004,21.521658000000059],[108.10831400000006,21.508322000000078],[108.11798600000009,21.505807000000061],[108.13364800000005,21.505018000000064],[108.16263000000004,21.508260000000064],[108.18617900000004,21.515566000000035],[108.19370900000007,21.519905000000051],[108.19642000000005,21.523385000000076],[108.19679900000006,21.528034000000048],[108.19526000000008,21.532293000000038],[108.19043000000005,21.536942000000067],[108.17999900000007,21.542183000000023],[108.15612700000008,21.550824000000034],[108.15321500000005,21.553117000000043],[108.15164200000004,21.55516300000005],[108.15125200000006,21.558261000000073],[108.15220000000005,21.559554000000048],[108.15701900000005,21.564387000000067],[108.16628900000006,21.567849000000024],[108.17962000000006,21.571115000000077],[108.18677100000008,21.575169000000074],[108.18889000000007,21.577090000000055],[108.19177900000005,21.58270200000004],[108.19449000000009,21.588500000000067],[108.19913100000008,21.593722000000071],[108.20530000000008,21.597767000000033],[108.21555200000006,21.601431000000048],[108.22366200000005,21.603935000000035],[108.22467700000004,21.603935000000035],[108.21752600000008,21.61784700000004],[108.21617600000008,21.621334000000047],[108.21578600000004,21.625785000000064],[108.21785000000006,21.639579000000026],[108.21560800000009,21.643561000000034],[108.21436900000003,21.644985000000077],[108.21159200000005,21.650232000000074],[108.21035300000005,21.656487000000027],[108.21140200000008,21.662184000000025],[108.21307500000006,21.665033000000051],[108.21611000000007,21.672119000000066],[108.22021500000005,21.682380000000023],[108.22081700000007,21.688509000000067],[108.22019200000005,21.693498000000034],[108.21835200000004,21.697053000000039],[108.21574100000004,21.699326000000042],[108.21436900000003,21.700184000000036],[108.20715200000006,21.707728000000031],[108.20501000000007,21.710717000000045],[108.20255600000007,21.713565000000074],[108.20087100000006,21.714856000000054],[108.19842800000004,21.715564000000029],[108.19690000000008,21.715272000000027],[108.18544300000008,21.710682000000077],[108.17871600000007,21.708383000000026],[108.17398700000007,21.706517000000076],[108.16039900000004,21.700052000000028],[108.15490000000005,21.696620000000053],[108.15108400000008,21.694462000000044],[108.14009600000009,21.689438000000052],[108.13641500000006,21.689571000000058],[108.13474200000007,21.689137000000073],[108.13427300000006,21.688279000000023],[108.13474200000007,21.685705000000041],[108.13629200000008,21.681999000000076],[108.13937100000004,21.669996000000026],[108.13994000000008,21.666103000000078],[108.13949400000007,21.663405000000068],[108.13737400000008,21.660141000000067],[108.13554500000004,21.658867000000043],[108.13080400000007,21.657018000000051],[108.12594000000007,21.654602000000068],[108.12334100000004,21.651479000000052],[108.12075300000004,21.650338000000033],[108.11678100000006,21.650329000000056],[108.11601200000007,21.650745000000029],[108.11355700000007,21.654293000000052],[108.10988700000007,21.65697300000005],[108.10499000000004,21.658371000000045],[108.10267000000005,21.659928000000036],[108.10158800000005,21.663051000000053],[108.10096300000004,21.667306000000053],[108.09848600000004,21.669721000000038],[108.09617700000007,21.670571000000052],[108.09341100000006,21.670562000000075],[108.09049900000008,21.669695000000047],[108.08726400000006,21.668394000000035],[108.08281300000004,21.666094000000044],[108.07359900000006,21.662113000000033],[108.07113300000009,21.661680000000047],[108.06896900000004,21.662237000000061],[108.06711700000005,21.663794000000053],[108.06340300000005,21.669421000000057],[108.06123800000006,21.671977000000027],[108.05877300000009,21.674250000000029],[108.05629700000009,21.675524000000053],[108.05336300000005,21.675931000000048],[108.05183400000004,21.675781000000029],[108.04874400000006,21.676329000000067],[108.04627900000008,21.677603000000033],[108.04147100000006,21.682282000000043],[108.03882700000008,21.685688000000027],[108.03680800000006,21.690809000000058],[108.03432000000004,21.693790000000035],[108.03107400000005,21.695479000000034],[108.02613200000008,21.697018000000071],[108.02366700000005,21.698000000000036],[108.01949500000006,21.699114000000066],[108.01640500000008,21.70052000000004],[108.01222100000007,21.703916000000049],[108.01081600000003,21.706189000000052],[108.00881900000007,21.707171000000073],[108.00415600000008,21.706021000000078],[108.00035200000008,21.708940000000041],[107.99643600000007,21.715449000000035],[107.99459600000006,21.71675700000003],[107.99259900000004,21.71750000000003],[107.98935300000005,21.716811000000064],[107.98409900000007,21.716855000000066],[107.98224700000009,21.717306000000065],[107.97718200000008,21.719800000000077],[107.96746600000006,21.720472000000029],[107.96189900000007,21.720374000000049],[107.95481600000005,21.721020000000067],[107.95033100000006,21.720489000000043],[107.94817800000004,21.720657000000074],[107.94525500000009,21.721833000000061],[107.93784800000009,21.721771000000047],[107.93490300000008,21.720657000000074],[107.93348600000007,21.718367000000057],[107.93266100000005,21.714918000000068],[107.93277200000006,21.711186000000055],[107.93353100000007,21.710019000000045],[107.93720100000007,21.707967000000053],[107.93903100000006,21.706508000000042],[107.94009000000005,21.704916000000026],[107.94035800000006,21.702183000000048],[107.93955500000004,21.69902600000006],[107.93798200000003,21.697027000000048],[107.93393300000008,21.694338000000073],[107.93020700000005,21.692658000000051],[107.92340200000007,21.690429000000051],[107.92122600000005,21.689013000000045],[107.91982100000007,21.687448000000074],[107.92027800000005,21.686431000000027],[107.92194000000006,21.684830000000034],[107.92269900000008,21.683096000000035],[107.92294400000009,21.678346000000033],[107.92229700000007,21.676055000000076],[107.92102600000004,21.673914000000025],[107.91963100000004,21.672924000000023],[107.91669700000006,21.672092000000077],[107.91530300000005,21.671101000000078],[107.91433200000006,21.668669000000023],[107.91396400000008,21.665785000000028],[107.91267000000005,21.661839000000043],[107.91249200000004,21.659574000000077],[107.91308300000009,21.657725000000028],[107.91475600000007,21.656151000000023],[107.91579400000006,21.653868000000045],[107.91547000000008,21.652877000000046],[107.91232400000007,21.648250000000075],[107.91148800000008,21.644437000000039],[107.91039500000005,21.642048000000045],[107.90582100000006,21.635730000000024],[107.90379000000007,21.633917000000054],[107.90163700000005,21.63323500000007],[107.89707500000009,21.63338600000003],[107.89445300000006,21.632996000000048],[107.88178100000005,21.628492000000051]]]},"properties":{"OBJECTID":8,"adcode":450681,"name":"东兴市","center":"[107.97017,21.541172]","centroid":"[108.061602,21.61497]","childrenNum":0,"level":"district","parent":"{\"adcode\":450600}","subFeatureIndex":3,"acroutes":"[100000,450000,450600]","Shape_Length":1.1902395346199561,"Shape_Area":0.047273975068997359}},{"type":"Feature","id":9,"geometry":{"type":"MultiPolygon","coordinates":[[[[109.20759700000008,21.601581000000067],[109.19431500000007,21.587678000000039],[109.18305100000003,21.57894200000004],[109.17838600000005,21.57779000000005],[109.16860600000007,21.567218000000025],[109.15943500000009,21.564802000000043],[109.14273700000007,21.564384000000075],[109.14699800000005,21.558195000000069],[109.15028400000006,21.549865000000068],[109.15202000000005,21.540769000000068],[109.15144700000008,21.531867000000034],[109.15028400000006,21.523740000000032],[109.14737400000007,21.518334000000038],[109.14215500000006,21.51205200000004],[109.12455600000004,21.501231000000075],[109.07439500000004,21.489521000000025],[109.05790300000007,21.480789000000073],[109.04741800000005,21.470700000000022],[109.04256600000008,21.464497000000051],[109.04122300000006,21.461140000000057],[109.05687000000006,21.452866000000029],[109.05945200000008,21.453427000000033],[109.06439800000004,21.452539000000058],[109.07097800000008,21.44811100000004],[109.07843100000008,21.445387000000039],[109.08313400000009,21.450437000000022],[109.08732000000003,21.44764200000003],[109.09626500000007,21.444570000000056],[109.09876200000008,21.444111000000078],[109.10408400000006,21.445009000000027],[109.11379900000009,21.447336000000064],[109.11974000000004,21.44949900000006],[109.15462900000006,21.459528000000034],[109.15801800000008,21.450029000000029],[109.16092800000007,21.443734000000063],[109.16697300000004,21.444019000000026],[109.16644700000006,21.450845000000072],[109.17339300000003,21.456539000000078],[109.17356200000006,21.460518000000036],[109.16870900000004,21.464762000000064],[109.16864300000009,21.46761900000007],[109.17453800000004,21.468863000000056],[109.18418700000007,21.47620900000004],[109.18680600000005,21.479412000000025],[109.19854800000007,21.497314000000074],[109.20244400000007,21.502791000000059],[109.20981200000006,21.514133000000072],[109.21239300000008,21.536242000000072],[109.21043100000009,21.543604000000073],[109.20762500000006,21.549457000000075],[109.20363600000007,21.568064000000049],[109.20328800000004,21.573304000000064],[109.20416100000006,21.578962000000047],[109.20396400000004,21.586373000000037],[109.20332600000006,21.589951000000042],[109.20755000000008,21.598748000000057],[109.20759700000008,21.601581000000067]]],[[[109.08853100000005,21.014725000000055],[109.09475400000008,21.007909000000041],[109.09986900000007,21.005719000000056],[109.10407500000008,21.005392000000029],[109.10595200000006,21.007469000000071],[109.10587700000008,21.011317000000076],[109.10202800000008,21.014827000000025],[109.10019800000003,21.01927900000004],[109.10226300000005,21.022676000000047],[109.10780100000005,21.025879000000032],[109.11206200000004,21.025019000000043],[109.11405200000007,21.019412000000045],[109.11809800000009,21.017846000000077],[109.12278200000009,21.017273000000046],[109.12575700000008,21.015073000000029],[109.12812200000008,21.014530000000036],[109.13080700000006,21.015799000000072],[109.13382000000007,21.01936100000006],[109.13699200000008,21.02748500000007],[109.14035300000006,21.032817000000023],[109.14453000000009,21.041268000000059],[109.14556200000004,21.048379000000068],[109.14502700000008,21.057832000000076],[109.13898200000006,21.067316000000062],[109.12890100000004,21.071581000000037],[109.11824800000005,21.070231000000035],[109.10678700000005,21.064983000000041],[109.09237900000005,21.057402000000025],[109.08757300000008,21.052778000000046],[109.08589300000006,21.047039000000041],[109.08579900000007,21.043284000000028],[109.08864300000005,21.03086200000007],[109.08575200000007,21.020271000000037],[109.08853100000005,21.014725000000055]]],[[[109.20696800000007,20.906815000000051],[109.21040300000004,20.900681000000077],[109.21496500000006,20.89844800000003],[109.21851300000009,20.899308000000076],[109.22268100000008,20.903733000000045],[109.22230500000006,20.909089000000051],[109.22055900000004,20.911946000000057],[109.21719000000007,20.914700000000039],[109.21009300000009,20.917977000000064],[109.20682700000003,20.916666000000077],[109.20571000000007,20.910963000000038],[109.20696800000007,20.906815000000051]]]]},"properties":{"OBJECTID":9,"adcode":450502,"name":"海城区","center":"[109.107529,21.468443]","centroid":"[109.145908,21.501717]","childrenNum":0,"level":"district","parent":"{\"adcode\":450500}","subFeatureIndex":0,"acroutes":"[100000,450000,450500]","Shape_Length":0.86705191608510834,"Shape_Area":0.013624928134500457}},{"type":"Feature","id":10,"geometry":{"type":"Polygon","coordinates":[[[109.38493300000005,21.648969000000022],[109.38156400000008,21.653147000000047],[109.37820300000004,21.66406900000004],[109.37519000000009,21.667462000000057],[109.37627000000003,21.67497000000003],[109.37505900000008,21.677222000000029],[109.36921100000006,21.680930000000046],[109.36454600000008,21.684791000000075],[109.36012500000004,21.68636900000007],[109.35042900000008,21.683456000000035],[109.34346400000004,21.678974000000039],[109.33362700000004,21.674552000000062],[109.32028900000006,21.671924000000047],[109.31378500000005,21.66675900000007],[109.31351200000006,21.665037000000041],[109.30910100000006,21.66128800000007],[109.30208000000005,21.656387000000052],[109.29513400000008,21.645179000000041],[109.28885400000007,21.639697000000069],[109.28877900000003,21.636589000000072],[109.29086300000006,21.631443000000047],[109.29046900000009,21.629140000000064],[109.28636700000004,21.624156000000028],[109.28263100000004,21.620977000000039],[109.27590100000003,21.616197000000057],[109.27273800000006,21.612538000000029],[109.27282300000007,21.611009000000024],[109.27602300000007,21.606392000000028],[109.27663300000006,21.603324000000043],[109.27573200000006,21.599482000000023],[109.27243800000008,21.593651000000023],[109.26413100000008,21.593906000000061],[109.25876200000005,21.599257000000023],[109.25667800000008,21.608930000000043],[109.25199400000008,21.612813000000074],[109.24312400000008,21.618062000000066],[109.23819600000007,21.619886000000065],[109.22835000000003,21.619173000000046],[109.22223000000008,21.615718000000072],[109.21634500000005,21.61042800000007],[109.20759700000008,21.601581000000067],[109.20755000000008,21.598748000000057],[109.20332600000006,21.589951000000042],[109.20396400000004,21.586373000000037],[109.20416100000006,21.578962000000047],[109.20328800000004,21.573304000000064],[109.20363600000007,21.568064000000049],[109.20762500000006,21.549457000000075],[109.21043100000009,21.543604000000073],[109.21239300000008,21.536242000000072],[109.20981200000006,21.514133000000072],[109.20244400000007,21.502791000000059],[109.19854800000007,21.497314000000074],[109.18680600000005,21.479412000000025],[109.18418700000007,21.47620900000004],[109.17453800000004,21.468863000000056],[109.16864300000009,21.46761900000007],[109.16870900000004,21.464762000000064],[109.17356200000006,21.460518000000036],[109.17339300000003,21.456539000000078],[109.16644700000006,21.450845000000072],[109.16697300000004,21.444019000000026],[109.16092800000007,21.443734000000063],[109.15801800000008,21.450029000000029],[109.15462900000006,21.459528000000034],[109.11974000000004,21.44949900000006],[109.11379900000009,21.447336000000064],[109.10408400000006,21.445009000000027],[109.09876200000008,21.444111000000078],[109.09626500000007,21.444570000000056],[109.08732000000003,21.44764200000003],[109.08313400000009,21.450437000000022],[109.07843100000008,21.445387000000039],[109.07097800000008,21.44811100000004],[109.06439800000004,21.452539000000058],[109.05945200000008,21.453427000000033],[109.05687000000006,21.452866000000029],[109.04122300000006,21.461140000000057],[109.03809800000005,21.451907000000062],[109.03809800000005,21.443397000000061],[109.04004100000009,21.433336000000054],[109.04334500000004,21.427539000000024],[109.04663900000008,21.424447000000043],[109.05285300000008,21.423784000000069],[109.05945200000008,21.425927000000058],[109.06468900000004,21.426907000000028],[109.07323100000008,21.426723000000038],[109.08292700000004,21.424794000000077],[109.09474400000005,21.419386000000031],[109.10828900000007,21.41068000000007],[109.13886000000008,21.38898000000006],[109.14757100000008,21.386357000000032],[109.16264500000005,21.385939000000064],[109.18622400000004,21.390930000000026],[109.21290000000005,21.401719000000071],[109.23068700000005,21.409833000000049],[109.24114400000008,21.418722000000059],[109.24579000000006,21.425692000000026],[109.26599900000008,21.427213000000052],[109.27296300000006,21.426652000000047],[109.27906400000006,21.427315000000078],[109.31711700000005,21.435040000000072],[109.33447200000006,21.435713000000078],[109.33068900000006,21.443723000000034],[109.33011700000009,21.447152000000074],[109.33103700000004,21.449733000000037],[109.33740100000006,21.458661000000063],[109.33803000000006,21.461803000000032],[109.33696900000007,21.46608800000007],[109.33491300000009,21.468210000000056],[109.33520400000003,21.47007700000006],[109.33143100000007,21.475066000000027],[109.33249200000006,21.479646000000059],[109.33132800000004,21.483798000000036],[109.33377800000005,21.486930000000029],[109.34744400000005,21.488827000000072],[109.35146200000008,21.491000000000042],[109.35286000000008,21.49450900000005],[109.35565700000006,21.494968000000028],[109.35841700000009,21.497059000000036],[109.36989600000004,21.497650000000078],[109.37515300000007,21.496794000000023],[109.38287800000006,21.494305000000054],[109.39246100000008,21.492601000000036],[109.39600000000007,21.493356000000063],[109.39739800000007,21.496559000000047],[109.39695700000004,21.499038000000041],[109.39896600000009,21.499435000000062],[109.40020500000008,21.502006000000051],[109.39879700000006,21.503250000000037],[109.40095600000006,21.508125000000064],[109.40003600000006,21.509227000000067],[109.40038300000003,21.515499000000034],[109.39731400000005,21.51871200000005],[109.39837500000004,21.521210000000053],[109.39833700000008,21.530501000000072],[109.39926600000007,21.531235000000038],[109.39866600000005,21.537455000000023],[109.39983900000004,21.53921900000006],[109.39768900000007,21.540606000000025],[109.39437600000008,21.540667000000042],[109.39444200000008,21.543492000000072],[109.39327800000007,21.550446000000022],[109.39090300000004,21.552393000000052],[109.39052800000007,21.556288000000052],[109.39372800000007,21.557063000000028],[109.39656300000007,21.556349000000068],[109.39802700000007,21.559072000000072],[109.39606600000008,21.562457000000052],[109.39274300000005,21.57036800000003],[109.38712000000004,21.576159000000075],[109.38371300000006,21.581500000000062],[109.38484900000009,21.586608000000069],[109.38358200000005,21.588983000000042],[109.38381600000008,21.591592000000048],[109.38711100000006,21.597769000000028],[109.38812500000006,21.602529000000061],[109.38972000000007,21.60403800000006],[109.39309000000009,21.603548000000046],[109.39875900000004,21.607075000000066],[109.39931300000006,21.609450000000038],[109.39807400000007,21.610581000000025],[109.39282700000007,21.608533000000023],[109.38879100000008,21.611488000000065],[109.38958900000006,21.61714500000005],[109.38151700000009,21.621568000000025],[109.37893500000007,21.626724000000024],[109.37738700000006,21.632360000000062],[109.37851300000005,21.636232000000064],[109.38207000000006,21.644180000000063],[109.38464200000004,21.646167000000048],[109.38493300000005,21.648969000000022]]]},"properties":{"OBJECTID":10,"adcode":450503,"name":"银海区","center":"[109.118707,21.444909]","centroid":"[109.267962,21.521118]","childrenNum":0,"level":"district","parent":"{\"adcode\":450500}","subFeatureIndex":1,"acroutes":"[100000,450000,450500]","Shape_Length":1.2897875337294173,"Shape_Area":0.045191665707998437}},{"type":"Feature","id":11,"geometry":{"type":"Polygon","coordinates":[[[109.60748400000006,21.544614000000024],[109.60124200000007,21.570582000000059],[109.59428700000007,21.591480000000047],[109.58924600000006,21.601928000000044],[109.57880900000004,21.615871000000027],[109.56217600000008,21.629435000000058],[109.54209900000006,21.640706000000023],[109.52173000000005,21.646371000000045],[109.50783800000005,21.649214000000029],[109.49104600000004,21.654492000000062],[109.48352800000004,21.658282000000042],[109.47170100000005,21.668083000000024],[109.46486800000008,21.67075200000005],[109.45551900000004,21.670620000000042],[109.44695800000005,21.67097700000005],[109.44454600000006,21.673982000000024],[109.44247200000007,21.673340000000053],[109.44000300000005,21.670396000000039],[109.43850100000009,21.670457000000056],[109.42970600000007,21.66406900000004],[109.42839200000009,21.662368000000072],[109.42508800000007,21.663173000000029],[109.42061100000006,21.666127000000074],[109.41907100000009,21.669856000000038],[109.41648100000003,21.67136400000004],[109.41428400000007,21.668766000000062],[109.40233600000005,21.665149000000042],[109.40088100000008,21.657987000000048],[109.40274900000009,21.656601000000023],[109.40330200000005,21.654064000000062],[109.40649400000007,21.654359000000056],[109.41253900000004,21.648918000000037],[109.40916900000008,21.648378000000037],[109.40943200000004,21.64352800000006],[109.40649400000007,21.643192000000056],[109.40425000000005,21.64728800000006],[109.39943500000004,21.650243000000046],[109.40089000000006,21.654665000000023],[109.40000800000007,21.657518000000039],[109.39720100000005,21.658690000000036],[109.39435700000007,21.658506000000045],[109.38786200000004,21.649010000000033],[109.38493300000005,21.648969000000022],[109.38464200000004,21.646167000000048],[109.38207000000006,21.644180000000063],[109.37851300000005,21.636232000000064],[109.37738700000006,21.632360000000062],[109.37893500000007,21.626724000000024],[109.38151700000009,21.621568000000025],[109.38958900000006,21.61714500000005],[109.38879100000008,21.611488000000065],[109.39282700000007,21.608533000000023],[109.39807400000007,21.610581000000025],[109.39931300000006,21.609450000000038],[109.39875900000004,21.607075000000066],[109.39309000000009,21.603548000000046],[109.38972000000007,21.60403800000006],[109.38812500000006,21.602529000000061],[109.38711100000006,21.597769000000028],[109.38381600000008,21.591592000000048],[109.38358200000005,21.588983000000042],[109.38484900000009,21.586608000000069],[109.38371300000006,21.581500000000062],[109.38712000000004,21.576159000000075],[109.39274300000005,21.57036800000003],[109.39606600000008,21.562457000000052],[109.39802700000007,21.559072000000072],[109.39656300000007,21.556349000000068],[109.39372800000007,21.557063000000028],[109.39052800000007,21.556288000000052],[109.39090300000004,21.552393000000052],[109.39327800000007,21.550446000000022],[109.39444200000008,21.543492000000072],[109.39437600000008,21.540667000000042],[109.39768900000007,21.540606000000025],[109.39983900000004,21.53921900000006],[109.39866600000005,21.537455000000023],[109.39926600000007,21.531235000000038],[109.39833700000008,21.530501000000072],[109.39837500000004,21.521210000000053],[109.39731400000005,21.51871200000005],[109.40038300000003,21.515499000000034],[109.40003600000006,21.509227000000067],[109.40095600000006,21.508125000000064],[109.39879700000006,21.503250000000037],[109.40020500000008,21.502006000000051],[109.39896600000009,21.499435000000062],[109.39695700000004,21.499038000000041],[109.39739800000007,21.496559000000047],[109.39600000000007,21.493356000000063],[109.39246100000008,21.492601000000036],[109.38287800000006,21.494305000000054],[109.37515300000007,21.496794000000023],[109.36989600000004,21.497650000000078],[109.35841700000009,21.497059000000036],[109.35565700000006,21.494968000000028],[109.35286000000008,21.49450900000005],[109.35146200000008,21.491000000000042],[109.34744400000005,21.488827000000072],[109.33377800000005,21.486930000000029],[109.33132800000004,21.483798000000036],[109.33249200000006,21.479646000000059],[109.33143100000007,21.475066000000027],[109.33520400000003,21.47007700000006],[109.33491300000009,21.468210000000056],[109.33696900000007,21.46608800000007],[109.33803000000006,21.461803000000032],[109.33740100000006,21.458661000000063],[109.33103700000004,21.449733000000037],[109.33011700000009,21.447152000000074],[109.33068900000006,21.443723000000034],[109.33447200000006,21.435713000000078],[109.41715700000009,21.438836000000038],[109.44848800000005,21.442672000000073],[109.48518000000007,21.453417000000059],[109.52989600000006,21.436958000000061],[109.54482100000007,21.443611000000033],[109.54102900000004,21.466109000000074],[109.56665300000009,21.477494000000036],[109.57684700000004,21.493560000000059],[109.60449900000003,21.523495000000025],[109.60748400000006,21.544614000000024]]]},"properties":{"OBJECTID":11,"adcode":450512,"name":"铁山港区","center":"[109.450573,21.5928]","centroid":"[109.475623,21.546273]","childrenNum":0,"level":"district","parent":"{\"adcode\":450500}","subFeatureIndex":2,"acroutes":"[100000,450000,450500]","Shape_Length":1.0318760569628178,"Shape_Area":0.043670637374495558}},{"type":"Feature","id":12,"geometry":{"type":"Polygon","coordinates":[[[109.60748400000006,21.544614000000024],[109.61230900000004,21.556900000000041],[109.62392900000003,21.54954900000007],[109.63362500000005,21.540270000000078],[109.64175400000005,21.52557500000006],[109.65494100000006,21.493479000000036],[109.66386800000004,21.483431000000053],[109.68209600000006,21.472628000000043],[109.70421000000005,21.462609000000043],[109.72087100000005,21.458569000000068],[109.73991600000005,21.455835000000036],[109.75022200000006,21.454937000000029],[109.76012500000007,21.455059000000062],[109.77632600000004,21.457110000000057],[109.78223900000006,21.457416000000023],[109.78561800000006,21.456947000000071],[109.78570300000007,21.466241000000025],[109.78626600000007,21.469955000000027],[109.78812500000004,21.475586000000078],[109.78892200000007,21.485502000000054],[109.78832200000005,21.490480000000048],[109.78327200000007,21.497385000000065],[109.77875700000004,21.501180000000033],[109.77419500000008,21.507626000000073],[109.77138900000006,21.516438000000051],[109.77315300000004,21.530052000000069],[109.77291900000006,21.531266000000073],[109.76358900000008,21.543920000000071],[109.75932700000004,21.550375000000031],[109.75482200000005,21.556339000000037],[109.75543200000004,21.561733000000061],[109.75370500000008,21.565892000000076],[109.75353600000005,21.570949000000041],[109.75593900000007,21.573355000000049],[109.75483100000008,21.576872000000037],[109.75208100000003,21.577627000000064],[109.75447400000007,21.582581000000062],[109.75039100000004,21.588952000000063],[109.74653400000005,21.591796000000045],[109.74815700000005,21.595119000000068],[109.74791300000004,21.598360000000071],[109.74382100000008,21.601041000000066],[109.74707800000004,21.606881000000044],[109.74708700000008,21.609613000000024],[109.74339900000007,21.614617000000067],[109.74351100000007,21.617084000000034],[109.74605500000007,21.616666000000066],[109.74623300000007,21.62295400000005],[109.75104800000008,21.625135000000057],[109.75380800000005,21.627845000000036],[109.75240900000006,21.632859000000053],[109.75455000000005,21.634581000000026],[109.75812600000006,21.640828000000056],[109.75705600000003,21.644934000000035],[109.76069800000005,21.647716000000059],[109.76325100000008,21.651038000000028],[109.76601000000005,21.657233000000076],[109.76582300000007,21.660595000000058],[109.76676100000009,21.664263000000062],[109.76489300000009,21.665516000000025],[109.76073500000007,21.665485000000047],[109.75812600000006,21.667105000000049],[109.75730000000004,21.664548000000025],[109.75326400000006,21.660870000000045],[109.75235300000008,21.657090000000039],[109.74858900000004,21.652750000000026],[109.74516300000005,21.652688000000069],[109.74500400000005,21.657161000000031],[109.74297600000006,21.660299000000066],[109.73864000000009,21.660880000000077],[109.73489400000005,21.656377000000077],[109.73402200000004,21.658771000000058],[109.73521400000004,21.660269000000028],[109.73222900000007,21.663132000000076],[109.72906600000005,21.66328500000003],[109.72737600000005,21.666484000000025],[109.72359300000005,21.667278000000067],[109.72370600000005,21.670345000000054],[109.72255100000007,21.671282000000076],[109.71585900000008,21.669907000000023],[109.71555900000004,21.666871000000071],[109.71372800000006,21.664487000000065],[109.71023600000007,21.665210000000059],[109.70736400000004,21.662082000000055],[109.70672600000006,21.659413000000029],[109.70580600000005,21.661756000000025],[109.70002400000004,21.664701000000036],[109.69647600000008,21.667706000000067],[109.69507800000008,21.672006000000067],[109.69459900000004,21.677598000000046],[109.68903300000005,21.686196000000052],[109.68855400000007,21.689782000000037],[109.69039400000008,21.694529000000045],[109.69652300000007,21.70228000000003],[109.69589400000007,21.708015000000046],[109.69771500000007,21.715195000000051],[109.69600700000007,21.721652000000063],[109.69565000000006,21.726795000000038],[109.69627000000008,21.728261000000032],[109.69035600000007,21.729392000000075],[109.69277800000003,21.73876000000007],[109.69214900000009,21.740990000000068],[109.69367000000005,21.742731000000049],[109.69289000000003,21.744605000000035],[109.69478700000008,21.74568400000004],[109.69448600000004,21.751203000000032],[109.69630700000005,21.763075000000072],[109.69950800000004,21.77317400000004],[109.70395700000006,21.783965000000023],[109.70444500000008,21.792007000000069],[109.70813400000009,21.800262000000032],[109.70494300000007,21.80943300000007],[109.69949800000006,21.811947000000032],[109.69432700000004,21.81332100000003],[109.69234600000004,21.823183000000029],[109.70346000000006,21.830316000000039],[109.70750500000008,21.836158000000069],[109.70690400000007,21.839668000000074],[109.70758000000006,21.845825000000048],[109.70115000000004,21.853914000000032],[109.70238900000004,21.854921000000047],[109.69534000000004,21.861178000000052],[109.69875700000006,21.862348000000054],[109.70250200000004,21.864719000000036],[109.70126300000004,21.866530000000068],[109.70308400000005,21.870610000000056],[109.70514900000006,21.872583000000077],[109.70550600000007,21.876317000000029],[109.70286800000008,21.878596000000073],[109.70395700000006,21.881546000000071],[109.70346000000006,21.883682000000078],[109.70367500000003,21.890528000000074],[109.70484900000008,21.894302000000039],[109.70177000000007,21.896529000000044],[109.69887000000006,21.896407000000067],[109.69699200000008,21.902348000000075],[109.68531600000006,21.898238000000049],[109.68158000000005,21.895797000000073],[109.67428700000005,21.895075000000077],[109.67269100000004,21.897821000000079],[109.66776300000004,21.897180000000048],[109.66379300000006,21.895360000000039],[109.66047900000007,21.896753000000047],[109.65303600000004,21.903619000000049],[109.64960100000008,21.905440000000056],[109.64144400000004,21.908176000000026],[109.63156900000007,21.905633000000023],[109.62765500000006,21.90377200000006],[109.62588100000005,21.901686000000041],[109.62648200000007,21.899062000000072],[109.62578700000006,21.895940000000053],[109.62285900000006,21.896662000000049],[109.61976100000004,21.895970000000034],[109.61772400000007,21.900181000000032],[109.61565000000007,21.902643000000069],[109.60976500000004,21.904809000000057],[109.60761500000007,21.908837000000062],[109.60572900000005,21.908013000000039],[109.59939300000008,21.908633000000066],[109.59904600000004,21.911532000000022],[109.59513200000004,21.911603000000071],[109.59422100000006,21.913353000000029],[109.58728500000007,21.910668000000044],[109.58017900000004,21.912000000000035],[109.57999100000006,21.909518000000048],[109.58415900000006,21.909081000000072],[109.58573600000005,21.906986000000074],[109.58242200000007,21.904962000000069],[109.58228200000008,21.903110000000027],[109.57765400000005,21.900181000000032],[109.57675300000005,21.897384000000045],[109.57232300000004,21.896550000000047],[109.56682200000006,21.894343000000049],[109.56480400000004,21.896489000000031],[109.55886300000009,21.893885000000068],[109.55607500000008,21.896784000000025],[109.55268600000005,21.897984000000065],[109.55045200000006,21.895339000000035],[109.54809600000004,21.895177000000047],[109.54901600000005,21.896936000000039],[109.54648200000008,21.896936000000039],[109.54558100000008,21.898320000000069],[109.54229600000008,21.898777000000052],[109.54028700000003,21.902063000000055],[109.53843800000004,21.900079000000062],[109.53818400000006,21.897058000000072],[109.53535000000005,21.895289000000048],[109.53614800000008,21.893244000000038],[109.53375400000004,21.889084000000025],[109.52992400000005,21.889541000000065],[109.52787800000004,21.888829000000044],[109.52977400000009,21.885910000000024],[109.52854500000007,21.881647000000044],[109.52480900000006,21.876836000000026],[109.52379500000006,21.873153000000059],[109.52079200000009,21.874089000000026],[109.51882000000006,21.871902000000034],[109.51804100000004,21.873946000000046],[109.51252200000005,21.874893000000043],[109.51084200000008,21.876225000000034],[109.50874900000008,21.875757000000078],[109.50619600000005,21.877568000000053],[109.50540700000005,21.880783000000065],[109.50059200000004,21.879064000000028],[109.49704400000007,21.879481000000055],[109.49387100000007,21.880844000000025],[109.48787400000003,21.885859000000039],[109.48604300000005,21.890833000000043],[109.48488900000007,21.899632000000054],[109.48363100000006,21.901280000000042],[109.47793300000006,21.902734000000066],[109.47333400000008,21.900547000000074],[109.47325000000006,21.892074000000036],[109.47149400000006,21.888443000000052],[109.46839700000004,21.885879000000045],[109.46148800000009,21.88561500000003],[109.45702100000005,21.887965000000065],[109.45571600000005,21.890111000000047],[109.45070400000009,21.892349000000024],[109.44918300000006,21.894688000000031],[109.44469600000008,21.896001000000069],[109.44216200000005,21.907016000000056],[109.44314800000006,21.910901000000024],[109.44242500000007,21.914736000000062],[109.43504700000005,21.918000000000063],[109.42880500000007,21.919038000000057],[109.42666500000007,21.918336000000068],[109.42311700000005,21.911624000000074],[109.41900600000008,21.911064000000067],[109.41853600000007,21.90609100000006],[109.41431300000005,21.904677000000049],[109.41344900000007,21.906538000000069],[109.40644700000007,21.907362000000035],[109.39815900000008,21.910047000000077],[109.39334300000007,21.909915000000069],[109.39088400000009,21.90735200000006],[109.39162600000009,21.902765000000045],[109.38988000000006,21.893173000000047],[109.38980500000008,21.889918000000023],[109.38517700000006,21.889613000000054],[109.38444500000008,21.890467000000058],[109.38680100000005,21.893244000000038],[109.38614400000006,21.894912000000033],[109.37905700000005,21.896224000000075],[109.37366000000009,21.898096000000066],[109.36757800000004,21.896784000000025],[109.36379500000004,21.893681000000072],[109.36327900000003,21.891891000000044],[109.36062300000003,21.89265400000005],[109.35952400000008,21.895604000000048],[109.35626700000006,21.896306000000038],[109.35382700000008,21.898615000000063],[109.35120800000004,21.899357000000066],[109.34748200000007,21.902165000000025],[109.34740700000003,21.905287000000044],[109.34339900000003,21.905562000000032],[109.33996300000007,21.908399000000031],[109.33305500000006,21.907169000000067],[109.33264200000008,21.903965000000028],[109.32543300000009,21.89895000000007],[109.32674700000007,21.895604000000048],[109.32564000000008,21.890660000000025],[109.32143500000006,21.887548000000038],[109.32224200000007,21.890813000000037],[109.32062700000006,21.892481000000032],[109.31787700000007,21.89233900000005],[109.31792400000006,21.887802000000022],[109.31369100000006,21.887253000000044],[109.31233900000007,21.884577000000036],[109.30905400000006,21.884730000000047],[109.30668900000006,21.887670000000071],[109.30677300000008,21.889145000000042],[109.31151300000005,21.891871000000037],[109.31244200000003,21.893854000000033],[109.31252700000005,21.901158000000066],[109.31032100000004,21.903751000000057],[109.30329100000006,21.905613000000073],[109.30078500000008,21.902368000000024],[109.30351600000006,21.901249000000064],[109.30490500000008,21.899083000000076],[109.30101000000008,21.897862000000032],[109.29963000000004,21.898716000000036],[109.29667300000006,21.904148000000077],[109.29796900000008,21.908827000000031],[109.29618500000004,21.909447000000057],[109.29520900000006,21.907403000000045],[109.29214900000005,21.912132000000042],[109.29303100000004,21.915834000000075],[109.29056300000008,21.914919000000054],[109.29046900000009,21.909366000000034],[109.28591700000004,21.913098000000048],[109.28480900000005,21.908440000000041],[109.28864800000008,21.906314000000066],[109.28770900000006,21.904819000000032],[109.28142000000008,21.908104000000037],[109.28126100000009,21.912051000000076],[109.28006900000008,21.91352500000005],[109.27538500000009,21.909864000000027],[109.27325400000007,21.910749000000067],[109.26899300000008,21.910332000000039],[109.26728500000007,21.911003000000051],[109.26594200000005,21.908227000000068],[109.26755700000007,21.906365000000051],[109.26781000000005,21.903110000000027],[109.27099200000004,21.902653000000043],[109.27073900000005,21.906304000000034],[109.27445600000004,21.905063000000041],[109.27283200000005,21.899418000000026],[109.27508500000005,21.897272000000044],[109.27564800000005,21.894505000000038],[109.27844500000003,21.890599000000066],[109.27666200000004,21.889684000000045],[109.27199700000006,21.889836000000059],[109.26837300000005,21.891169000000048],[109.26771600000006,21.886703000000068],[109.26617700000008,21.886612000000071],[109.26064800000006,21.890691000000061],[109.25842400000005,21.890965000000051],[109.25814200000008,21.887609000000054],[109.25988800000005,21.884069000000068],[109.25788900000003,21.878880000000038],[109.26150300000006,21.877212000000043],[109.26134300000007,21.873865000000023],[109.25494200000009,21.865818000000047],[109.24510500000008,21.860517000000073],[109.24215700000008,21.858441000000028],[109.23156900000004,21.852225000000033],[109.22025000000008,21.85059700000005],[109.21212100000008,21.85264200000006],[109.20202100000006,21.852398000000051],[109.19169600000004,21.850780000000043],[109.17793600000005,21.850983000000042],[109.16439100000008,21.851879000000054],[109.15406600000006,21.850709000000052],[109.15064000000007,21.846354000000076],[109.14153500000003,21.844949000000042],[109.13316300000008,21.847687000000064],[109.12845100000004,21.854097000000024],[109.12349500000005,21.862114000000076],[109.11978700000009,21.866225000000043],[109.11385500000006,21.871261000000061],[109.10421500000007,21.874435000000062],[109.09462200000007,21.871637000000078],[109.08898100000005,21.864047000000028],[109.08458800000005,21.851869000000022],[109.07703200000009,21.847015000000056],[109.06785300000007,21.839404000000059],[109.06119800000005,21.837063000000057],[109.05452400000007,21.838630000000023],[109.04585100000008,21.842935000000068],[109.03595800000005,21.843179000000077],[109.03029800000007,21.83979000000005],[109.02215000000007,21.836351000000036],[109.01597400000009,21.835384000000033],[109.01285800000005,21.837460000000078],[109.00918800000005,21.838590000000067],[108.99882500000007,21.837949000000037],[108.99768900000004,21.834621000000027],[108.99507100000005,21.836086000000023],[108.99224500000008,21.833491000000038],[108.98789000000005,21.831935000000044],[108.98698000000007,21.834855000000061],[108.98444500000005,21.83325700000006],[108.98371300000008,21.829563000000064],[108.98019300000004,21.831181000000072],[108.97875700000009,21.83001100000007],[108.97966800000006,21.826744000000076],[108.97717100000006,21.824048000000062],[108.97697400000004,21.820292000000052],[108.97380100000004,21.819112000000075],[108.97479600000008,21.815224000000057],[108.97224300000005,21.813901000000044],[108.96773800000005,21.821910000000059],[108.96803800000004,21.823691000000053],[108.97349100000008,21.825941000000057],[108.97584700000004,21.828505000000064],[108.97520000000009,21.831985000000032],[108.97042200000004,21.83145600000006],[108.97220500000009,21.828251000000023],[108.96780300000006,21.828536000000042],[108.96446200000008,21.826571000000058],[108.96135500000008,21.823691000000053],[108.95613600000007,21.824068000000068],[108.95579800000007,21.820781000000068],[108.95700000000005,21.816801000000055],[108.95614500000005,21.811896000000047],[108.95730900000007,21.810135000000059],[108.96194600000007,21.812232000000051],[108.96541900000005,21.812680000000057],[108.96771900000005,21.811753000000067],[108.96671400000008,21.809565000000077],[108.96821600000004,21.807061000000033],[108.96338200000008,21.803102000000024],[108.96537200000006,21.800720000000069],[108.96721200000007,21.800333000000023],[108.96729600000003,21.797687000000053],[108.96199300000006,21.797494000000029],[108.95955300000008,21.791631000000052],[108.95797600000009,21.794603000000052],[108.95594800000003,21.792781000000048],[108.95716900000008,21.791172000000074],[108.95486900000009,21.790847000000042],[108.95499100000006,21.789289000000053],[108.95258800000005,21.787192000000061],[108.95291700000007,21.784688000000074],[108.95629600000007,21.782713000000058],[108.95113300000008,21.780321000000072],[108.95250400000003,21.77558700000003],[108.94850500000007,21.774111000000062],[108.94679700000006,21.770996000000025],[108.94650600000006,21.766140000000064],[108.94455300000004,21.765620000000069],[108.94559500000008,21.760540000000049],[108.94207500000005,21.761181000000022],[108.93864000000008,21.763340000000028],[108.93623700000006,21.758931000000075],[108.93078300000008,21.758330000000058],[108.92513300000007,21.754696000000024],[108.92348100000004,21.752995000000055],[108.91852500000005,21.751437000000067],[108.91417900000005,21.752293000000066],[108.91012400000005,21.752140000000054],[108.90749600000004,21.750979000000029],[108.90370400000006,21.747904000000062],[108.89860700000008,21.742701000000068],[108.89257200000009,21.740094000000056],[108.88688300000007,21.740339000000063],[108.87943100000007,21.744371000000058],[108.87292600000006,21.744371000000058],[108.86676800000004,21.742966000000024],[108.85990700000008,21.737294000000077],[108.85470700000008,21.724513000000059],[108.85222000000005,21.714584000000059],[108.85071800000009,21.703727000000072],[108.85029500000007,21.686899000000039],[108.85317700000007,21.677812000000074],[108.85427500000009,21.670803000000035],[108.85833000000008,21.660544000000073],[108.86954700000007,21.644659000000047],[108.88541000000004,21.621425000000045],[108.90166700000009,21.60439400000007],[108.91599100000008,21.596271000000058],[108.93809500000003,21.589706000000035],[108.96603900000008,21.587443000000064],[108.99148500000007,21.588188000000059],[109.01499800000005,21.586811000000068],[109.06140400000004,21.583152000000041],[109.09222900000009,21.579961000000026],[109.09405000000004,21.579146000000037],[109.09607700000004,21.573681000000022],[109.09864000000005,21.571326000000056],[109.10687200000007,21.566066000000035],[109.11030700000003,21.568309000000056],[109.11459700000006,21.568451000000039],[109.11820100000006,21.570623000000069],[109.12351400000006,21.571571000000063],[109.13268400000004,21.570011000000022],[109.13868200000007,21.567299000000048],[109.14273700000007,21.564384000000075],[109.15943500000009,21.564802000000043],[109.16860600000007,21.567218000000025],[109.17838600000005,21.57779000000005],[109.18305100000003,21.57894200000004],[109.19431500000007,21.587678000000039],[109.20759700000008,21.601581000000067],[109.21634500000005,21.61042800000007],[109.22223000000008,21.615718000000072],[109.22835000000003,21.619173000000046],[109.23819600000007,21.619886000000065],[109.24312400000008,21.618062000000066],[109.25199400000008,21.612813000000074],[109.25667800000008,21.608930000000043],[109.25876200000005,21.599257000000023],[109.26413100000008,21.593906000000061],[109.27243800000008,21.593651000000023],[109.27573200000006,21.599482000000023],[109.27663300000006,21.603324000000043],[109.27602300000007,21.606392000000028],[109.27282300000007,21.611009000000024],[109.27273800000006,21.612538000000029],[109.27590100000003,21.616197000000057],[109.28263100000004,21.620977000000039],[109.28636700000004,21.624156000000028],[109.29046900000009,21.629140000000064],[109.29086300000006,21.631443000000047],[109.28877900000003,21.636589000000072],[109.28885400000007,21.639697000000069],[109.29513400000008,21.645179000000041],[109.30208000000005,21.656387000000052],[109.30910100000006,21.66128800000007],[109.31351200000006,21.665037000000041],[109.31378500000005,21.66675900000007],[109.32028900000006,21.671924000000047],[109.33362700000004,21.674552000000062],[109.34346400000004,21.678974000000039],[109.35042900000008,21.683456000000035],[109.36012500000004,21.68636900000007],[109.36454600000008,21.684791000000075],[109.36921100000006,21.680930000000046],[109.37505900000008,21.677222000000029],[109.37627000000003,21.67497000000003],[109.37519000000009,21.667462000000057],[109.37820300000004,21.66406900000004],[109.38156400000008,21.653147000000047],[109.38493300000005,21.648969000000022],[109.38786200000004,21.649010000000033],[109.39435700000007,21.658506000000045],[109.39720100000005,21.658690000000036],[109.40000800000007,21.657518000000039],[109.40089000000006,21.654665000000023],[109.39943500000004,21.650243000000046],[109.40425000000005,21.64728800000006],[109.40649400000007,21.643192000000056],[109.40943200000004,21.64352800000006],[109.40916900000008,21.648378000000037],[109.41253900000004,21.648918000000037],[109.40649400000007,21.654359000000056],[109.40330200000005,21.654064000000062],[109.40274900000009,21.656601000000023],[109.40088100000008,21.657987000000048],[109.40233600000005,21.665149000000042],[109.41428400000007,21.668766000000062],[109.41648100000003,21.67136400000004],[109.41907100000009,21.669856000000038],[109.42061100000006,21.666127000000074],[109.42508800000007,21.663173000000029],[109.42839200000009,21.662368000000072],[109.42970600000007,21.66406900000004],[109.43850100000009,21.670457000000056],[109.44000300000005,21.670396000000039],[109.44247200000007,21.673340000000053],[109.44454600000006,21.673982000000024],[109.44695800000005,21.67097700000005],[109.45551900000004,21.670620000000042],[109.46486800000008,21.67075200000005],[109.47170100000005,21.668083000000024],[109.48352800000004,21.658282000000042],[109.49104600000004,21.654492000000062],[109.50783800000005,21.649214000000029],[109.52173000000005,21.646371000000045],[109.54209900000006,21.640706000000023],[109.56217600000008,21.629435000000058],[109.57880900000004,21.615871000000027],[109.58924600000006,21.601928000000044],[109.59428700000007,21.591480000000047],[109.60124200000007,21.570582000000059],[109.60748400000006,21.544614000000024]]]},"properties":{"OBJECTID":12,"adcode":450521,"name":"合浦县","center":"[109.200695,21.663554]","centroid":"[109.342745,21.723659]","childrenNum":0,"level":"district","parent":"{\"adcode\":450500}","subFeatureIndex":3,"acroutes":"[100000,450000,450500]","Shape_Length":3.401713202914769,"Shape_Area":0.22993865454899895}}]}